CIRCLE,Sum,INVOICE
1,"10,976",
2,"1,02,777",
3,"30,047",
4,"3,13,574",
5,"3,78,072",
13,"23,000",
54,"1,53,090",
55,"1,53,091",
86,"2,59,551",
97,"1,12,360",
98,"2,24,720",
140,"28,090",
141,"28,090",
151,"26,451",
165,"1,82,585",
487,"17,946",
532,"21,012",
537,"13,596",
3379,"7,010",
3383,"3,430",
3388,"5,860",
3396,"1,585",
10804,"1,10,685",
1042015,"37,389",
1050257,"6,500",
1050548,"10,560",
1050549,"8,330",
1051974,650,
110003632,"97,003",
120003174,"28,530",
907557677,"69,30,334",
907557689,"68,20,318",
1800000164,"3,751",
9020302565,"2,82,381",
9624004399,"2,833",
20150419099,"21,90,986",
20150419102,"8,98,277",
2.02E+11,"33,222",
2.02E+11,"1,73,663",
2.02E+11,"21,746",
001/2015,"1,96,630",
001APRIL2015,"37,000",
01/15-16,"3,25,613",
01-13/14,"39,601",
01AVR,"14,000",
02/15-16,"2,09,411",
020/2014-15,"43,821",
04/14-15,"61,800",
Apr-15,"2,08,062",
04/2015-16,"86,334",
May-15,"3,880",
05/2015-16,"69,664",
Jul-15,"51,680",
07/2015-16,"1,82,585",
Aug-15,"4,845",
Aug-15,"25,200",
Jan-15,"1,90,028",
01-04-2015,"3,14,608",
1011/BAL/01,"24,720",
10-14/15,"26,574",
1050553/1050550,"7,430",
108/14-15,199,
11-14/15,"26,574",
12-14/14,"13,287",
12-14/15,"13,287",
15-16/01,"1,00,000",
22S/1516,"1,27,416",
2384/WCT/RCT/ST,18,
28(2015-16),"89,192",
2G/14-15/11/01,"51,05,077",
31/2015-16,"44,175",
3379-CONCOR,"10,500",
3383-STAMP,"3,030",
38(2015-16),"1,71,068",
39(2014-15),"1,71,068",
3GICR/ICL/MH/FEB-15/50,"9,30,72,937",
3GICR/ICL/MH/MAR-15/51,"11,77,91,388",
546/14-15,"21,012",
582-2014-2015/WCT/RCT/ST,9,
764/15-16,"26,920",
842-381/2001-VAS-01,"3,35,000",
842-552/2005-VASS,"53,000",
907557677/,926,
907557677/P,"1,79,136",
AF-VAN/00122/15-16,"75,465",
AIRTEL2014-150001,"31,890",
AP/20150301/19154/MH/IN/O,"9,128",
AP/20150301/19198/MUM/IN/O,"9,53,778",
APR/15-16/40,"37,080",
APR-15-4G-DONGLE-SUBSIDY-APR-01-15,"3,52,251",
APR-15-4G-DONGLE-SUBSIDY-APR-02-15,"24,090",
APR-15-TDSONRENT-RECOVERY-BS00016,"10,000",
APR-15-TDSONRENT-RECOVERY-BS00029,"10,000",
APR-15-TDSONRENT-RECOVERY-BS00033,"10,000",
APR-15-TDSONRENT-RECOVERY-BS00039,"10,000",
APR-15-TDSONRENT-RECOVERY-BS00054,"7,500",
APR-15-TDSONRENT-RECOVERY-BS00055,"10,000",
APR-15-TDSONRENT-RECOVERY-BS00062,"6,072",
APR-15-TDSONRENT-RECOVERY-BS00070,"6,000",
APR-15-TDSONRENT-RECOVERY-BS00071,"10,000",
ARM-01-2015-16,"78,090",
ARN-01-2015-16,"78,090",
AS/20150301/19155/MH/IN/O,240,
AS/20150301/19199/MUM/IN/O,"7,635",
ASPERATTACHMENT,"62,583",
ASPERATTACHMENT/SD1,"51,899",
AUG-14-INTERIM-COMMISSION-MPUD11,"60,328",
AUG-14-INTERIM-COMMISSION-SER-TAX-MNA304,"7,699",
BAL/15-16/RENT/1,"1,81,190",
BD/2015/0109,"21,816",
BD/2015/0110,"86,933",
BE/RE/006,"59,551",
BH14/2015-16,"1,53,044",
BHARTIAIRTELLTD/ANTINACHARGES/056/2014-15,"43,383",
BHL-NE/BAL-MAH/SMS/FEB-15/14,963,
BHL-NE/BAL-MAH/SMS/MAR-15/14,"4,327",
BHL-NE/BAL-MUM/SMS/FEB-15/15,"26,233",
BHL-NE/BAL-MUM/SMS/MAR-15/15,"2,38,432",
BHL-RAJ/BAL-MAH/SMS/FEB-15/14,"30,441",
BHL-RAJ/BAL-MAH/SMS/MAR-15/14,"1,58,123",
BHL-RAJ/BAL-MUM/SMS/FEB-15/15,"2,25,020",
BHL-RAJ/BAL-MUM/SMS/MAR-15/15,"19,88,507",
BK14/2015-16,"4,11,925",
BML/05/2015,"1,12,360",
BMUM/APR/001,"1,50,025",
BR/20150301/19156/MH/IN/O,"1,618",
BR/20150301/19200/MUM/IN/O,"66,739",
CA/003/4/15-16,"44,496",
CAM-VAN/00048/15-16,"40,535",
CM/15-16/00003,"28,562",
DB/2015/0109,"21,817",
DB/2015/0110,"86,938",
DBN25984,"5,803",
DBN26151,"5,803",
DBN26224,"5,803",
DBN26242,"5,803",
DD/2015/0109,"14,563",
DD/2015/0110,"58,030",
DEC-14-4G-FSE-INCENTIVE-MPUD76,"9,725",
DEC-14-INTERIM-COMMISSION-MAU007,"3,526",
DEC-14-INTERIM-COMMISSION-MNA715,450,
DEC-14-INTERIM-COMMISSION-MNG1022,"7,200",
DEC-14-INTERIM-COMMISSION-MPUD63,"7,100",
DEC-14-INTERIM-COMMISSION-MSO092,"29,640",
DEC-14-JAN-15-FEB-15-4G-FSE-INCENTIVE-MPU949,"71,325",
DIFFMUM3012for15-01-15to15-01-16,"50,203",
DIFFROMMG3292for06-02-15to05-02-16,"18,768",
DL68100643,266,
DL68100644,"10,897",
DL68100868,337,
DL68100869,"28,801",
DL68101087,265,
DL68101088,"22,704",
DL68101307,175,
DL68101308,"25,558",
DL68101527,152,
DL68101528,"25,588",
DL68101796,216,
DL68101797,"27,222",
DM(EN)DUCT/BAL/14-15/1,"15,16,478",
DMDE1730018W2COMMTILLMAR15,"4,273",
DMDE1730025W2COMMTILLMAR15,"22,489",
DMDE1730051W2COMMTILLMAR15,"17,446",
DMDE1730070W2COMMTILLMAR15,"14,251",
DMDE1730078W2COMMTILLMAR15,"13,302",
DMDE1730157W2COMMTILLMAR15,738,
DMDE1730180W2COMMTILLMAR15,"4,412",
DMDE1730361W2COMMTILLMAR15,"2,452",
DMDE1730365W2COMMTILLMAR15,"3,476",
DMDE1730563W2COMMTILLMAR15,"3,117",
DMDE1730836W2COMMTILLMAR15,200,
DMDE1731188W2COMMTILLMAR15,"6,510",
DMDE1731238W2COMMTILLMAR15,326,
DMDE1731269W2COMMTILLMAR15,"1,230",
DMDE1731270W2COMMTILLMAR15,"3,332",
DMDE1731447W2COMMTILLMAR15,93,
DMDE1731501W2COMMTILLMAR15,"1,352",
DMDE1731527W2COMMTILLMAR15,"1,218",
DMDE1731559W2COMMTILLMAR15,118,
DMDE1731569W2COMMTILLMAR15,"13,803",
DMDE1731619W2COMMTILLMAR15,"4,713",
DMDE1731624W2COMMTILLMAR15,"5,948",
DMDE1731654W2COMMTILLMAR15,"1,772",
DMDE1731672W2COMMTILLMAR15,"5,537",
DMDE1731726W2COMMTILLMAR15,"29,338",
DMDE1731769W2COMMTILLMAR15,533,
DMDE1731776W2COMMTILLMAR15,"2,286",
DMDE1731808W2COMMTILLFEB15,122,
DMDE1731810W2COMMTILLMAR15,"2,428",
DMDE1731833W2COMMTILLMAR15,"9,766",
DMDE1731885W2COMMTILLMAR15,"4,828",
DMDE1731902W2COMMTILLMAR15,196,
DMDE1731944W2COMMTILLMAR15,"11,244",
DMDE1731946W2COMMTILLMAR15,"1,014",
DMDE1731974W2COMMTILLMAR15,"7,871",
DMDE1731987W2COMMTILLMAR15,"5,532",
DMDE1732003W2COMMTILLMAR15,"2,962",
DMDE1732047W2COMMTILLMAR15,69,
DMDE1732088W2COMMTILLMAR15,"3,190",
DMDE1732107W2COMMTILLMAR15,"4,400",
DMDE1732109W2COMMTILLMAR15,"1,051",
DMDE1732221W2COMMTILLFEB15,106,
DMDE1732287W2COMMTILLMAR15,"10,210",
DMDE1732323W2COMMTILLMAR15,444,
DMDE1732342W2COMMTILLMAR15,"2,843",
DMDE1732424W2COMMTILLMAR15,326,
DMDE1732430W2COMMTILLMAR15,"4,921",
DMDE1732431W2COMMTILLMAR15,"18,757",
DMDE1732447W2COMMTILLMAR15,"23,459",
DMDE1732453W2COMMTILLMAR15,"6,136",
DMDE1732454W2COMMTILLMAR15,807,
DMDE1732481W2COMMTILLMAR15,"1,894",
DMDE1732512W2COMMTILLMAR15,179,
DMDE1732515W2COMMTILLMAR15,416,
DMDE1732525W2COMMTILLMAR15,"3,353",
DMDE1732530W2COMMTILLMAR15,"1,340",
DMDE1732531W2COMMTILLMAR15,73,
DMDE1732539W2COMMTILLMAR15,"1,584",
DMDE1732542W2COMMTILLMAR15,"2,774",
DMDE1732551W2COMMTILLMAR15,"2,200",
DMDE1732606W2COMMTILLFEB15,81,
DMDE1732657W2COMMTILLMAR15,741,
DMDE1732666W2COMMTILLMAR15,929,
DMDE1732705W2COMMTILLMAR15,"1,320",
DMDE1732728W2COMMTILLMAR15,"7,952",
DMDE1732747W2COMMTILLFEB15,"2,147",
DMDE1732755W2COMMTILLMAR15,"1,369",
DMDE1732762W2COMMTILLMAR15,"1,198",
DMDE1732766W2COMMTILLMAR15,391,
DMDE1732775W2COMMTILLMAR15,"2,119",
DMDE1732776W2COMMTILLMAR15,"1,654",
DMDE1732778W2COMMTILLMAR15,"1,890",
DMDE1732781W2COMMTILLMAR15,753,
DMDE1732793W2COMMTILLMAR15,53,
DMDE1732798W2COMMTILLMAR15,"1,956",
DMDE1732812W2COMMTILLMAR15,"1,178",
DMDE1732824W2COMMTILLMAR15,"3,353",
DMDE1732851W2COMMTILLMAR15,"1,459",
DMDE1732868W2COMMTILLMAR15,570,
DMDE1732881W2COMMTILLMAR15,"2,946",
DMDE1732890W2COMMTILLMAR15,"13,999",
DMDE1732913W2COMMTILLMAR15,876,
DMDE1732937W2COMMTILLMAR15,"1,667",
DMDE1732950W2COMMTILLMAR15,"3,080",
DMDE1732960W2COMMTILLMAR15,"2,464",
DMDE1732970W2COMMTILLMAR15,"1,532",
DMDE1732975W2COMMTILLMAR15,"3,381",
DMDE1732980W2COMMTILLMAR15,163,
DMDE1732982W2COMMTILLMAR15,440,
DMDE1732984W2COMMTILLMAR15,98,
DMDE1732988W2COMMTILLMAR15,216,
DMDE1732993W2COMMTILLMAR15,481,
DMDE1733007W2COMMTILLMAR15,"2,278",
DMDE1733014W2COMMTILLMAR15,73,
DMDE1733016W2COMMTILLMAR15,701,
DMDE1733022W2COMMTILLMAR15,"1,291",
DMDE1733023W2COMMTILLMAR15,"1,153",
DMDE1733045W2COMMTILLMAR15,"3,109",
DMDE1733048W2COMMTILLMAR15,"1,471",
DMDE1733057W2COMMTILLMAR15,949,
DMDE1733060W2COMMTILLMAR15,151,
DMDE1733069W2COMMTILLMAR15,408,
DMDE1733070W2COMMTILLMAR15,44,
DMDE1733073W2COMMTILLMAR15,"2,758",
DMDE1733077W2COMMTILLMAR15,"1,572",
DMDE1733086W2COMMTILLMAR15,347,
DMDE1733096W2COMMTILLFEB15,203,
DMDE1733106W2COMMTILLMAR15,"2,596",
DMDE1733118W2COMMTILLFEB15,839,
DMDE1733120W2COMMTILLMAR15,839,
DMDE1733146W2COMMTILLFEB15,738,
DMDE1740006W2COMMTILLMAR15,"28,449",
DMDE1740020W2COMMTILLMAR15,"4,418",
DMDE1740057W2COMMTILLMAR15,"33,227",
DMDE1740095W2COMMTILLMAR15,"15,938",
DMDE1740102W2COMMTILLMAR15,"61,071",
DMDE1740105W2COMMTILLMAR15,"80,236",
DMDE1740159W2COMMTILLMAR15,"9,262",
DMDE1740299W2COMMTILLMAR15,"12,578",
DMDE1740301W2COMMTILLMAR15,"66,080",
DMDE1740304W2COMMTILLMAR15,"8,093",
DMDE1740315W2COMMTILLMAR15,"4,689",
DMDE1740384W2COMMTILLMAR15,"4,480",
DMDE1740397W2COMMTILLMAR15,"18,556",
DMDE1740411W2COMMTILLMAR15,"11,560",
DMDE1740479W2COMMTILLMAR15,"45,782",
DMDE1740545W2COMMTILLMAR15,"27,084",
DMDE1740570W2COMMTILLMAR15,"7,618",
DMDE1740602W2COMMTILLMAR15,871,
DMDE1740603W2COMMTILLMAR15,187,
DMDE1740612W2COMMTILLMAR15,"15,089",
DMDE1740620W2COMMTILLMAR15,"30,636",
DMDE1740627W2COMMTILLMAR15,"50,560",
DMDE1740638W2COMMTILLMAR15,"6,436",
DMDE1740652W2COMMTILLMAR15,"92,667",
DMDE1740679W2COMMTILLMAR15,"28,720",
DMDE1740695W2COMMTILLMAR15,"17,738",
DMDE1740717W2COMMTILLMAR15,"1,440",
DMDE1740734W2COMMTILLMAR15,"20,249",
DMDE1740743W2COMMTILLMAR15,"16,049",
DMDE1740758W2COMMTILLMAR15,591,
DMDE1740762W2COMMTILLMAR15,"12,044",
DMDE1740773W2COMMTILLMAR15,"11,200",
DMDE1740776W2COMMTILLMAR15,"1,809",
DMDE1740806W2COMMTILLMAR15,"10,538",
DMDE1740818W2COMMTILLMAR15,"34,062",
DMDE1740833W2COMMTILLMAR15,"15,129",
DMDE1740838W2COMMTILLMAR15,"42,902",
DMDE1740872W2COMMTILLMAR15,"3,458",
DMDE1740877W2COMMTILLMAR15,"23,729",
DMDE1740878W2COMMTILLMAR15,"36,271",
DMDE1740892W2COMMTILLMAR15,"1,809",
DMDE1740893W2COMMTILLMAR15,893,
DMDE1740896W2COMMTILLMAR15,"1,369",
DMDE1740898W2COMMTILLMAR15,"58,218",
DMDE1740922W2COMMTILLMAR15,"14,760",
DMDE1740938W2COMMTILLMAR15,689,
DMDE1740944W2COMMTILLMAR15,"2,160",
DMDE1740948W2COMMTILLMAR15,"3,591",
DMDE1740949W2COMMTILLMAR15,"3,498",
DMDE1740974W2COMMTILLMAR15,"16,702",
DMDE1740997W2COMMTILLMAR15,"1,596",
DMDE1741016W2COMMTILLMAR15,"21,422",
DMDE1741034W2COMMTILLMAR15,"2,084",
DMDE1741038W2COMMTILLMAR15,"35,876",
DMDE1741042W2COMMTILLMAR15,"4,236",
DMDE1741046W2COMMTILLMAR15,"2,116",
DMDE1741076W2COMMTILLMAR15,"5,764",
DMDE1741097W2COMMTILLMAR15,"17,347",
DMDE1741100W2COMMTILLMAR15,"6,089",
DMDE1741107W2COMMTILLMAR15,"1,400",
DMDE1741108W2COMMTILLMAR15,"3,449",
DMDE1741119W2COMMTILLMAR15,"4,147",
DMDE1741132W2COMMTILLMAR15,"5,898",
DMDE1741157W2COMMTILLMAR15,"2,271",
DMDE1741181W2COMMTILLMAR15,"41,009",
DMDE1741193W2COMMTILLMAR15,"8,782",
DMDE1741247W2COMMTILLMAR15,"26,591",
DMDE1741261W2COMMTILLMAR15,"17,911",
DMDE1741262W2COMMTILLMAR15,"7,240",
DMDE1741311W2COMMTILLMAR15,"4,284",
DN/002/15-16,"1,44,504",
DS/092/TDS/RECT/2,"5,349",
DS/095,"53,474",
DUR/RENT/16/2014-15,"35,226",
ENTRYTAXYEAR200910,"13,99,976",
ESCMUM2672for01-04-15to30-03-16,"1,29,605",
ESCMUM3223for01-04-15to30-03-16,"1,29,605",
ESCROMMG2790fr01-11-14to31-10-15,"13,000",
FEB-15-AOR-SPP-COMMISSSION,"27,697",
FEB15CLA/TDS/RECT/3,"2,000",
FEB-15-INTERIM-COMM-AEO-SUPPORT-CC-COLL-AEO00213,"36,728",
FEB-15-INTERIM-COMM-AEO-SUPPORT-SER-TAX-AEO40077,"1,33,666",
FEB-15-INTERIM-COMMISSION-A1GEWKY5,"21,800",
FEB-15-INTERIM-COMMISSION-AEO00036,"32,862",
FEB-15-INTERIM-COMMISSION-AEO00056,"14,975",
FEB-15-INTERIM-COMMISSION-AEO00196,"56,099",
FEB-15-INTERIM-COMMISSION-AEO00218,25,
FEB-15-INTERIM-COMMISSION-AEO00225,"9,225",
FEB-15-INTERIM-COMMISSION-AEO00232,"16,800",
FEB-15-INTERIM-COMMISSION-AEO00237,"9,550",
FEB-15-INTERIM-COMMISSION-AEO40093,"40,950",
FEB-15-INTERIM-COMMISSION-AEO40096,"2,850",
FEB-15-INTERIM-COMMISSION-AEO-SUPPORT-AEO00007,"64,075",
FEB-15-INTERIM-COMMISSION-AEO-SUPPORT-AEO40045,"55,430",
FEB-15-INTERIM-COMMISSION-AEO-SUPPORT-AEO40082,"55,654",
FEB-15-INTERIM-COMMISSION-AEO-SUPPORT-AEO40090,"1,15,575",
FEB-15-INTERIM-COMMISSION-CC-COLL-AEO40075,"37,513",
FEB-15-INTERIM-COMMISSION-MAU005,"41,475",
FEB-15-INTERIM-COMMISSION-MAU006,"14,639",
FEB-15-INTERIM-COMMISSION-MAU007,"30,507",
FEB-15-INTERIM-COMMISSION-MAU069,"35,542",
FEB-15-INTERIM-COMMISSION-MAU070,"21,394",
FEB-15-INTERIM-COMMISSION-MAU075,"52,450",
FEB-15-INTERIM-COMMISSION-MAU077,"60,302",
FEB-15-INTERIM-COMMISSION-MAU080,"35,650",
FEB-15-INTERIM-COMMISSION-MAU082,"51,138",
FEB-15-INTERIM-COMMISSION-MAU084,"40,055",
FEB-15-INTERIM-COMMISSION-MAU085,"31,600",
FEB-15-INTERIM-COMMISSION-MAU086,"21,800",
FEB-15-INTERIM-COMMISSION-MAU087,"7,750",
FEB-15-INTERIM-COMMISSION-MAU089,"1,56,672",
FEB-15-INTERIM-COMMISSION-MAU090,"77,115",
FEB-15-INTERIM-COMMISSION-MAU091,"11,536",
FEB-15-INTERIM-COMMISSION-MAU092,"29,400",
FEB-15-INTERIM-COMMISSION-MAU093,"7,150",
FEB-15-INTERIM-COMMISSION-MGO007,"1,06,992",
FEB-15-INTERIM-COMMISSION-MGO053,"28,387",
FEB-15-INTERIM-COMMISSION-MGO054,"33,050",
FEB-15-INTERIM-COMMISSION-MKL004,"75,250",
FEB-15-INTERIM-COMMISSION-MKL008,"71,513",
FEB-15-INTERIM-COMMISSION-MKL009,"1,34,950",
FEB-15-INTERIM-COMMISSION-MKL011,"37,450",
FEB-15-INTERIM-COMMISSION-MKL016,"49,550",
FEB-15-INTERIM-COMMISSION-MKL021,"32,000",
FEB-15-INTERIM-COMMISSION-MKL022,"29,300",
FEB-15-INTERIM-COMMISSION-MKL023,"45,618",
FEB-15-INTERIM-COMMISSION-MKL024,600,
FEB-15-INTERIM-COMMISSION-MKL060,"62,349",
FEB-15-INTERIM-COMMISSION-MKL061,"36,770",
FEB-15-INTERIM-COMMISSION-MKL064,"53,649",
FEB-15-INTERIM-COMMISSION-MKLA01,"61,900",
FEB-15-INTERIM-COMMISSION-MKLA04,"80,472",
FEB-15-INTERIM-COMMISSION-MKLA06,"60,339",
FEB-15-INTERIM-COMMISSION-MKLA07,"40,950",
FEB-15-INTERIM-COMMISSION-MNA304,"3,600",
FEB-15-INTERIM-COMMISSION-MNA315,"98,558",
FEB-15-INTERIM-COMMISSION-MNA700,"77,655",
FEB-15-INTERIM-COMMISSION-MNA704,"1,29,631",
FEB-15-INTERIM-COMMISSION-MNA707,"8,967",
FEB-15-INTERIM-COMMISSION-MNA709,"30,500",
FEB-15-INTERIM-COMMISSION-MNA712,"20,900",
FEB-15-INTERIM-COMMISSION-MNA713,"61,050",
FEB-15-INTERIM-COMMISSION-MNA714,"1,19,100",
FEB-15-INTERIM-COMMISSION-MNA716,"99,350",
FEB-15-INTERIM-COMMISSION-MNA719,"8,530",
FEB-15-INTERIM-COMMISSION-MNA721,"1,58,550",
FEB-15-INTERIM-COMMISSION-MNA722,"50,948",
FEB-15-INTERIM-COMMISSION-MNA723,"19,400",
FEB-15-INTERIM-COMMISSION-MNAD005,"15,008",
FEB-15-INTERIM-COMMISSION-MNAD006,"28,697",
FEB-15-INTERIM-COMMISSION-MNAD007,"51,600",
FEB-15-INTERIM-COMMISSION-MNG1013,"80,133",
FEB-15-INTERIM-COMMISSION-MNG1016,"53,849",
FEB-15-INTERIM-COMMISSION-MNG1021,"1,08,474",
FEB-15-INTERIM-COMMISSION-MNG1022,"2,900",
FEB-15-INTERIM-COMMISSION-MNG1026,"1,49,033",
FEB-15-INTERIM-COMMISSION-MNG1027,"85,694",
FEB-15-INTERIM-COMMISSION-MNG1028,"76,280",
FEB-15-INTERIM-COMMISSION-MNG1032,"39,188",
FEB-15-INTERIM-COMMISSION-MNG192,"37,699",
FEB-15-INTERIM-COMMISSION-MNG193,"40,296",
FEB-15-INTERIM-COMMISSION-MNG195,"62,750",
FEB-15-INTERIM-COMMISSION-MNG196,"9,200",
FEB-15-INTERIM-COMMISSION-MNG197,"57,400",
FEB-15-INTERIM-COMMISSION-MNG199,"66,199",
FEB-15-INTERIM-COMMISSION-MNG204,"47,896",
FEB-15-INTERIM-COMMISSION-MNG205,"77,349",
FEB-15-INTERIM-COMMISSION-MNG206,"1,05,450",
FEB-15-INTERIM-COMMISSION-MNG207,"23,700",
FEB-15-INTERIM-COMMISSION-MNG209,"46,000",
FEB-15-INTERIM-COMMISSION-MNGA004,"8,899",
FEB-15-INTERIM-COMMISSION-MNGA005,"1,70,673",
FEB-15-INTERIM-COMMISSION-MNGA007,"8,550",
FEB-15-INTERIM-COMMISSION-MNGC02,"31,050",
FEB-15-INTERIM-COMMISSION-MNGC03,"80,449",
FEB-15-INTERIM-COMMISSION-MPUD10,"15,650",
FEB-15-INTERIM-COMMISSION-MPUD19,"74,049",
FEB-15-INTERIM-COMMISSION-MPUD29,"3,854",
FEB-15-INTERIM-COMMISSION-MPUD34,"98,307",
FEB-15-INTERIM-COMMISSION-MPUD42,"36,482",
FEB-15-INTERIM-COMMISSION-MPUD44,"92,400",
FEB-15-INTERIM-COMMISSION-MPUD46,"1,38,929",
FEB-15-INTERIM-COMMISSION-MPUD47,"55,760",
FEB-15-INTERIM-COMMISSION-MPUD49,"20,700",
FEB-15-INTERIM-COMMISSION-MPUD54,"72,239",
FEB-15-INTERIM-COMMISSION-MPUD56,"41,609",
FEB-15-INTERIM-COMMISSION-MPUD57,"42,080",
FEB-15-INTERIM-COMMISSION-MPUD63,"56,750",
FEB-15-INTERIM-COMMISSION-MPUD64,"1,07,538",
FEB-15-INTERIM-COMMISSION-MPUD65,"3,06,986",
FEB-15-INTERIM-COMMISSION-MPUD68,"90,149",
FEB-15-INTERIM-COMMISSION-MPUD71,"85,010",
FEB-15-INTERIM-COMMISSION-MPUD72,"27,350",
FEB-15-INTERIM-COMMISSION-MPUD74,"71,839",
FEB-15-INTERIM-COMMISSION-MPUD75,"33,495",
FEB-15-INTERIM-COMMISSION-MPUD77,"33,998",
FEB-15-INTERIM-COMMISSION-MPUD79,"2,12,300",
FEB-15-INTERIM-COMMISSION-MPUD80,"98,080",
FEB-15-INTERIM-COMMISSION-MPUD83,"81,349",
FEB-15-INTERIM-COMMISSION-MPUD84,"88,849",
FEB-15-INTERIM-COMMISSION-MPUD88,"51,691",
FEB-15-INTERIM-COMMISSION-MPUD89,"92,150",
FEB-15-INTERIM-COMMISSION-MPUD92,"33,700",
FEB-15-INTERIM-COMMISSION-MPUD94,"4,399",
FEB-15-INTERIM-COMMISSION-MSO075,"17,300",
FEB-15-INTERIM-COMMISSION-MSO081,"1,49,150",
FEB-15-INTERIM-COMMISSION-MSO090,"57,850",
FEB-15-INTERIM-COMMISSION-MSO093,"1,12,696",
FEB-15-INTERIM-COMMISSION-MSO097,"39,750",
FEB-15-INTERIM-COMMISSION-MSO098,"61,050",
FEB-15-INTERIM-COMMISSION-MTR0001,"7,850",
FEB-15-INTERIM-COMMISSION-MTR0008,"50,947",
FEB-15-INTERIM-COMMISSION-MTR0011,"60,030",
FEB-15-INTERIM-COMMISSION-MTR0012,"66,500",
FEB-15-INTERIM-COMMISSION-MTR0016,"25,965",
FEB-15-INTERIM-COMMISSION-MVA026,"64,013",
FEB-15-INTERIM-COMMISSION-MVA037,"42,800",
FEB-15-INTERIM-COMMISSION-MVA039,"63,801",
FEB-15-INTERIM-COMMISSION-MVA041,"1,27,910",
FEB-15-INTERIM-COMMISSION-NG209,"18,450",
FEB-15-INTERIM-COMMISSION-NG211,"27,399",
FEB-15-INTERIM-COMMISSION-SAD11135,"62,000",
FEB-15-INTERIM-COMMISSION-SER-TAX-BS00048,"53,090",
FEB-15-INTERIM-COMMISSION-SER-TAX-CSA10004,"15,787",
FEB-15-INTERIM-COMMISSION-SER-TAX-CSA65030,"11,685",
FEB-15-INTERIM-COMMISSION-SER-TAX-CSAKAM2,"21,292",
FEB-15-INTERIM-COMMISSION-SER-TAX-SAD11125,"16,61,562",
FEB-15-INTERIM-COMMISSION-SERV-TAX-AEO00240,"3,932",
FEB-15-INTERIM-COMMISSION-SERV-TAX-MAU004,"1,45,917",
FEB-15-INTERIM-COMMISSION-SERV-TAX-MAU062,"2,42,697",
FEB-15-INTERIM-COMMISSION-SERV-TAX-MAU065,"38,390",
FEB-15-INTERIM-COMMISSION-SERV-TAX-MAU067,"4,43,131",
FEB-15-INTERIM-COMMISSION-SERV-TAX-MAU081,"58,181",
FEB-15-INTERIM-COMMISSION-SERV-TAX-MAUB001,"1,16,831",
FEB-15-INTERIM-COMMISSION-SERV-TAX-MGO052,"45,748",
FEB-15-INTERIM-COMMISSION-SERV-TAX-MGO123,"1,23,550",
FEB-15-INTERIM-COMMISSION-SERV-TAX-MKL002,"1,77,232",
FEB-15-INTERIM-COMMISSION-SERV-TAX-MKL003,"94,029",
FEB-15-INTERIM-COMMISSION-SERV-TAX-MKL005,"1,00,480",
FEB-15-INTERIM-COMMISSION-SERV-TAX-MKL014,"79,383",
FEB-15-INTERIM-COMMISSION-SERV-TAX-MKL015,"96,742",
FEB-15-INTERIM-COMMISSION-SERV-TAX-MKL035,"66,573",
FEB-15-INTERIM-COMMISSION-SERV-TAX-MKL041,"2,05,714",
FEB-15-INTERIM-COMMISSION-SERV-TAX-MKL056,"53,412",
FEB-15-INTERIM-COMMISSION-SERV-TAX-MKL059,"70,207",
FEB-15-INTERIM-COMMISSION-SERV-TAX-MNA012,"1,88,951",
FEB-15-INTERIM-COMMISSION-SERV-TAX-MNA014,"1,00,059",
FEB-15-INTERIM-COMMISSION-SERV-TAX-MNA130,"1,43,913",
FEB-15-INTERIM-COMMISSION-SERV-TAX-MNA140,"94,291",
FEB-15-INTERIM-COMMISSION-SERV-TAX-MNA307,"62,965",
FEB-15-INTERIM-COMMISSION-SERV-TAX-MNA310,"2,30,968",
FEB-15-INTERIM-COMMISSION-SERV-TAX-MNA311,"1,07,432",
FEB-15-INTERIM-COMMISSION-SERV-TAX-MNA313,"17,496",
FEB-15-INTERIM-COMMISSION-SERV-TAX-MNA317,"2,23,679",
FEB-15-INTERIM-COMMISSION-SERV-TAX-MNA321,"43,449",
FEB-15-INTERIM-COMMISSION-SERV-TAX-MNA502,"58,708",
FEB-15-INTERIM-COMMISSION-SERV-TAX-MNA701,"88,624",
FEB-15-INTERIM-COMMISSION-SERV-TAX-MNAB001,"3,227",
FEB-15-INTERIM-COMMISSION-SERV-TAX-MNAD001,"39,544",
FEB-15-INTERIM-COMMISSION-SERV-TAX-MNAD002,"2,35,643",
FEB-15-INTERIM-COMMISSION-SERV-TAX-MNG004,"1,73,191",
FEB-15-INTERIM-COMMISSION-SERV-TAX-MNG013,"2,51,253",
FEB-15-INTERIM-COMMISSION-SERV-TAX-MNG020,"1,21,283",
FEB-15-INTERIM-COMMISSION-SERV-TAX-MNG023,"1,93,106",
FEB-15-INTERIM-COMMISSION-SERV-TAX-MNG055,"1,92,360",
FEB-15-INTERIM-COMMISSION-SERV-TAX-MNG1024,"1,36,385",
FEB-15-INTERIM-COMMISSION-SERV-TAX-MNG104,"97,381",
FEB-15-INTERIM-COMMISSION-SERV-TAX-MNG107,"30,313",
FEB-15-INTERIM-COMMISSION-SERV-TAX-MNG110,"1,55,178",
FEB-15-INTERIM-COMMISSION-SERV-TAX-MNG124,"1,29,416",
FEB-15-INTERIM-COMMISSION-SERV-TAX-MNG201,"31,460",
FEB-15-INTERIM-COMMISSION-SERV-TAX-MPU004,"3,33,050",
FEB-15-INTERIM-COMMISSION-SERV-TAX-MPU008,"34,525",
FEB-15-INTERIM-COMMISSION-SERV-TAX-MPU009,"8,65,370",
FEB-15-INTERIM-COMMISSION-SERV-TAX-MPU016,"1,15,234",
FEB-15-INTERIM-COMMISSION-SERV-TAX-MPU018,"3,01,830",
FEB-15-INTERIM-COMMISSION-SERV-TAX-MPU021A,"6,92,121",
FEB-15-INTERIM-COMMISSION-SERV-TAX-MPU031,"1,73,034",
FEB-15-INTERIM-COMMISSION-SERV-TAX-MPU054,"2,84,788",
FEB-15-INTERIM-COMMISSION-SERV-TAX-MPU056,"2,22,990",
FEB-15-INTERIM-COMMISSION-SERV-TAX-MPU059,"2,31,031",
FEB-15-INTERIM-COMMISSION-SERV-TAX-MPU061,"2,29,202",
FEB-15-INTERIM-COMMISSION-SERV-TAX-MPU100,"53,729",
FEB-15-INTERIM-COMMISSION-SERV-TAX-MPU177,"92,513",
FEB-15-INTERIM-COMMISSION-SERV-TAX-MPU200,"95,079",
FEB-15-INTERIM-COMMISSION-SERV-TAX-MPU402,"3,14,478",
FEB-15-INTERIM-COMMISSION-SERV-TAX-MPU859,"2,35,736",
FEB-15-INTERIM-COMMISSION-SERV-TAX-MPU863,"1,23,989",
FEB-15-INTERIM-COMMISSION-SERV-TAX-MPU905,"1,76,909",
FEB-15-INTERIM-COMMISSION-SERV-TAX-MPU906,"56,910",
FEB-15-INTERIM-COMMISSION-SERV-TAX-MPU913,"2,79,301",
FEB-15-INTERIM-COMMISSION-SERV-TAX-MPU914,"80,016",
FEB-15-INTERIM-COMMISSION-SERV-TAX-MPU927,"2,85,916",
FEB-15-INTERIM-COMMISSION-SERV-TAX-MPU936,"26,292",
FEB-15-INTERIM-COMMISSION-SERV-TAX-MPU938,"2,45,788",
FEB-15-INTERIM-COMMISSION-SERV-TAX-MPU940,"1,39,613",
FEB-15-INTERIM-COMMISSION-SERV-TAX-MPU941,"2,17,658",
FEB-15-INTERIM-COMMISSION-SERV-TAX-MPU948,"28,702",
FEB-15-INTERIM-COMMISSION-SERV-TAX-MPU956,"2,89,413",
FEB-15-INTERIM-COMMISSION-SERV-TAX-MPU996,"5,88,009",
FEB-15-INTERIM-COMMISSION-SERV-TAX-MPUA03,"78,849",
FEB-15-INTERIM-COMMISSION-SERV-TAX-MPUA04,"12,540",
FEB-15-INTERIM-COMMISSION-SERV-TAX-MPUA06,"1,77,663",
FEB-15-INTERIM-COMMISSION-SERV-TAX-MPUA07,"5,06,212",
FEB-15-INTERIM-COMMISSION-SERV-TAX-MPUD02,"1,13,125",
FEB-15-INTERIM-COMMISSION-SERV-TAX-MPUD04,"14,596",
FEB-15-INTERIM-COMMISSION-SERV-TAX-MPUD08,"6,76,064",
FEB-15-INTERIM-COMMISSION-SERV-TAX-MPUD09,"22,798",
FEB-15-INTERIM-COMMISSION-SERV-TAX-MPUD16,"31,448",
FEB-15-INTERIM-COMMISSION-SERV-TAX-MPUD17,"1,05,310",
FEB-15-INTERIM-COMMISSION-SERV-TAX-MPUD20,"48,208",
FEB-15-INTERIM-COMMISSION-SERV-TAX-MPUD21,"1,32,728",
FEB-15-INTERIM-COMMISSION-SERV-TAX-MPUD32,"15,656",
FEB-15-INTERIM-COMMISSION-SERV-TAX-MPUD35,"59,142",
FEB-15-INTERIM-COMMISSION-SERV-TAX-MPUD37,"1,06,874",
FEB-15-INTERIM-COMMISSION-SERV-TAX-MPUD45,"43,764",
FEB-15-INTERIM-COMMISSION-SERV-TAX-MPUD53,"2,34,682",
FEB-15-INTERIM-COMMISSION-SERV-TAX-MPUD73,"1,05,615",
FEB-15-INTERIM-COMMISSION-SERV-TAX-MPUDS02,"3,21,598",
FEB-15-INTERIM-COMMISSION-SERV-TAX-MPUMT02,"96,001",
FEB-15-INTERIM-COMMISSION-SERV-TAX-MSO076,"34,193",
FEB-15-INTERIM-COMMISSION-SERV-TAX-MSO082,"1,86,046",
FEB-15-INTERIM-COMMISSION-SERV-TAX-MSO085,"5,056",
FEB-15-INTERIM-COMMISSION-SERV-TAX-MSO091,"51,667",
FEB-15-INTERIM-COMMISSION-SERV-TAX-MTR0003,"94,493",
FEB-15-INTERIM-COMMISSION-SERV-TAX-MTR0013,"80,469",
FEB-15-INTERIM-COMMISSION-SERV-TAX-MTR0017,"28,725",
FEB-15-INTERIM-COMMISSION-SERV-TAX-MVA032,"72,039",
FEB-15-INTERIM-COMMISSION-SERV-TAX-MVA036,"3,05,871",
FEB-15-REIM-4G-DST-INCENTIVE-AURANGABAD-MAU006,"29,750",
FEB-15-REIM-4G-FSE-INCENTIVE-MPU941,"24,750",
FEB-15-RENT-RECOVERY-MPU938-REVERSAL,"56,180",
FNFDE1730270PRATHMESHCELLULARREFUNDOFSD,"50,000",
FNFDE1730270PRATHMESHCELLULARREFUNDPEFS5OCT13,"15,680",
FNFDE1730305SADANITELECOMREFUNDFTAPAYOUTJAN14,"1,238",
FNFDE1730305SADANITELECOMREFUNDOFSECURITYDEPOSIT,"25,000",
FNFDE1731763ABHINAVENTERPRISESREFUNDAPR13KROSCHEME,444,
FNFDE1731763ABHINAVENTERPRISESREFUNDDAMAGERCV,"54,409",
FNFDE1731763ABHINAVENTERPRISESREFUNDNONMOVINGRCV,"3,078",
FNFDE1731763ABHINAVENTERPRISESREFUNDOFSD,"75,000",
FNFDE1731763ABHINAVENTERPRISESREFUNDPEFRS5MAY13,"1,545",
FNFDE1731763ABHINAVENTERPRISESREFUNDWALLET2MAY13,73,
FNFDE1731790SAHILENTERPRISESREFUNDDAMAGERCV,722,
FNFDE1731790SAHILENTERPRISESREFUNDDISTFTATATOCT13,"1,660",
FNFDE1731790SAHILENTERPRISESREFUNDOFSECURITYDEPOSI,"25,000",
FNFDE1731790SAHILENTERPRISESREFUNDPCOCOMMOCT13,150,
FNFDE1731790SAHILENTERPRISESREFUNDPEFPICKURS5OCT13,110,
FNFDE1731790SAHILENTERPRISESREFUNDW2BILLPAYOCT13,151,
FNFDE1731909AMELECTRONICSREFUNDOFSECURITYDEPOSIT,"50,000",
FNFDE1732028YASINITRADERSREFUNDOFSECURITYDEPOSIT,"25,000",
FNFDE1732028YASINITRADEUDREFUNDMNPSIMTOCT14,30,
FNFDE1732134VEDAGENCIESREFUNDANMOLRATNAJUL13,"4,500",
FNFDE1732134VEDAGENCIESREFUNDDAMAGERCV,"8,755",
FNFDE1732134VEDAGENCIESREFUNDDISTPEFPICKRS5JUL13,"5,055",
FNFDE1732134VEDAGENCIESREFUNDOFSECURITYDEPOSIT,"50,000",
FNFDE1732134VEDAGENCIESREFUNDW2BILLPAYMENT,153,
FNFDE1732224NEWOMSHANTIENTERPRISESREFUNDANMOLMAR14,"4,000",
FNFDE1732224NEWOMSHANTIENTERPRISESREFUNDOFSD,"25,000",
FNFDE1732224NEWOMSHANTIENTERPRISESREFUNDPEFRSMAR14,960,
FNFDE1732395CONNECTENTERPRISESADJUSTEDOFSDINRECOVE,"1,00,000",
FNFDE1732667YASINITRADERSREFUND07RSOCT14TO27NOV14,"2,568",
FNFDE1732667YASINITRADERSREFUNDICRLAUNCHSEP145SITE,"24,900",
FNFDE1732667YASINITRADERSREFUNDMNPSIMREIMBOCT14,40,
FNFDE1740968VAIBHAVENTERPRISESREFUNDPEFJAN13FEB13,54,
FNFDE1740968VAIBHAVENTERPRISESUDREFUND3GMAR13MAR13,300,
FNFDE1740968VAIBHAVENTERPRISESUDREFUNDIDOCFORMAR13,5,
FNFDE1740968VAIBHAVENTERPRISESUDREFUNDOFSDPREPAID,"25,000",
FNFDE1740968VAIBHAVENTERPRISESUDREFUNDPEFMARAPR13,430,
FNFDE1740968VAIBHAVENTERPRISESUDREFUNDWALLET2APR13,11,
FNFDE1740968VAIBHAVENTERPRISESUDREFUNDWALLET2MAR13,379,
FNFDE1741031VAIBHAVENTERPRISESARCREFUNDOFSDPOSTPAI,"2,00,000",
FNFDE1741054SAIPRASADENTERPRISESREFUNDOFSDPCO,"25,000",
FNFDE1741078JSKMARKETINGPVTLTDREFUNDOFSDPREPAID,"25,000",
FNFDE1741150ANUPTELECOMPCOREFUNDOFSECURITYDEPOSIT,"25,000",
FNFDE1741150ANUPTELECOMPCOREFUNDPENDINGRCPT,"20,000",
FNFMUM2986for07-04-15to05-04-16,"48,973",
FNFMUM3277for17-04-14to16-04-15,"1,50,000",
FNFROMROM215for05-02-14to01-04-15,"45,000",
GD/2015/0109,"32,725",
GD/2015/0110,"1,30,405",
GJ/20150301/19157/MH/IN/O,"30,814",
GJ/20150301/19201/MUM/IN/O,"8,99,541",
GJ76210612,21,
GJ76210613,"1,304",
GJ76210827,17,
GJ76210828,"2,144",
GJ76211037,10,
GJ76211038,"1,892",
GJ76211200,8,
GJ76211201,"1,767",
GJ76211339,4,
GJ76211340,"1,897",
GJ76211520,10,
GJ76211521,"2,174",
GOAENTRYTAXMAR15,"13,04,689",
HA/20150301/19158/MH/IN/O,"1,423",
HA/20150301/19202/MUM/IN/O,"1,80,527",
HP/20150301/19159/MH/IN/O,204,
HP/20150301/19203/MUM/IN/O,"16,110",
HS/TR/BAL/001/03/2015-2016,"92,700",
JAN-15-4G-DONGLE-SUBSIDY-BCL-74-90A,"9,64,273",
JAN-15-4G-FSE-INCENTIVE-MPUD76,"18,225",
JAN-15-AOR-SPP-COMMISSSION,"41,629",
JAN15CLA/TDS/RECT/4,"2,000",
JAN-15-INTERIM-COMMISSION-A1GEWKY5,"4,050",
JAN-15-INTERIM-COMMISSION-MNA715,0,
JAN-15-INTERIM-COMMISSION-MNA715A,"1,099",
JAN-15-INTERIM-COMMISSION-MNG1022,"4,630",
JAN-15-INTERIM-COMMISSION-MNGC02,"55,450",
JAN-15-INTERIM-COMMISSION-MPUD63,"21,400",
JAN-15-INTERIM-COMMISSION-MSO092,"34,789",
JAN-15-INTERIM-COMMISSION-SER-TAX-MNG124,"1,26,416",
JAN-15-INTERIM-COMMISSION-SER-TAX-MPUD16,"29,033",
JAN-15-REIM-4G-FSE-INCENTIVE-MPU941,"18,000",
JAN-15-REIM-RNR-EXPENSES-MPUD16,"7,000",
JK/20150301/19160/MH/IN/O,231,
JK/20150301/19204/MUM/IN/O,"6,358",
KH-01/2015-16,"69,215",
KL/20150301/19161/MH/IN/O,"6,030",
KL/20150301/19205/MUM/IN/O,"3,76,776",
KL77900626,11,
KL77900627,"1,880",
KL77900846,24,
KL77900847,"3,249",
KL77901060,7,
KL77901061,"2,396",
KL77901234,7,
KL77901235,"1,748",
KL77901396,5,
KL77901397,"1,888",
KL77901592,7,
KL77901593,"2,567",
KO78100653,65,
KO78100654,"3,400",
KO78100888,72,
KO78100889,"6,402",
KO78101117,87,
KO78101118,"3,948",
KO78101335,70,
KO78101336,"3,786",
KO78101546,64,
KO78101547,"4,201",
KO78101807,63,
KO78101808,"5,613",
KOL/20150301/19162/MH/IN/O,507,
KOL/20150301/19206/MUM/IN/O,"26,730",
KR76700649,256,
KR76700650,"13,697",
KR76700879,308,
KR76700880,"22,592",
KR76701108,273,
KR76701109,"21,015",
KR76701325,212,
KR76701326,"20,653",
KR76701533,195,
KR76701534,"19,214",
KR76701790,263,
KR76701791,"26,988",
KT/20150301/19163/MH/IN/O,"13,895",
KT/20150301/19207/MUM/IN/O,"4,30,756",
LF/15-16/00003,"71,405",
LF-VAN/00122/15-16,"75,465",
M/04/15,"31,38,215",
MAH/AIRTEL-MUMBAI/0068,"2,73,358",
MAHARASHTRA/AIRTEL/0069,"22,73,972",
MAR-15-4G-DONGLE-SUBSIDY,"2,33,384",
MAR-15-4G-DONGLE-SUBSIDY-01,"1,37,663",
MAR-15-4G-DONGLE-SUBSIDY-02,"1,71,708",
MAR-15-4G-DONGLE-SUBSIDY-03,"1,48,101",
MAR-15-4G-DONGLE-SUBSIDY-04,"2,22,315",
MAR-15-4G-DONGLE-SUBSIDY-MAR-01-15,"3,71,604",
MAR-15-4G-DONGLE-SUBSIDY-MAR-02-15,"9,55,030",
MAR-15-4G-DONGLE-SUBSIDY-MAR-03-15,"3,63,575",
MAR-15-4G-DONGLE-SUBSIDY-MAR-04-15,"7,70,025",
MAR-15-4G-DONGLE-SUBSIDY-MAR-05-15,"1,38,575",
MAR-15-4G-DONGLE-SUBSIDY-MAR-06-15,"37,640",
MAR-15-4G-DONGLE-SUBSIDY-MAR-07-15,"2,81,518",
MAR-15-4G-DONGLE-SUBSIDY-MAR-08-15,"9,17,104",
MAR-15-4G-DONGLE-SUBSIDY-MAR-09-15,"3,00,578",
MAR-15-4G-DONGLE-SUBSIDY-MAR-10-15,"3,64,808",
MAR-15-4G-DONGLE-SUBSIDY-MAR-11-15,"3,44,159",
MAR-15-4G-DONGLE-SUBSIDY-MAR-12-15,"4,84,211",
MAR-15-4G-DONGLE-SUBSIDY-MAR-13-15,"3,65,974",
MAR-15-4G-DONGLE-SUBSIDY-MAR-14-15,"1,60,394",
MAR-15-4G-DONGLE-SUBSIDY-MAR-15-15,"4,44,798",
MAR-15-4G-DONGLE-SUBSIDY-MAR-16-15,"6,78,794",
MAR-15-4G-DONGLE-SUBSIDY-MAR-17-15,"6,88,317",
MAR-15-4G-DONGLE-SUBSIDY-MAR-18-15,"9,17,748",
MAR-15-4G-DONGLE-SUBSIDY-MAR-19-15,"1,38,376",
MAR-15-4G-DONGLE-SUBSIDY-MAR-20-15,"4,19,327",
MAR-15-4G-DONGLE-SUBSIDY-MAR-21-15,"12,65,811",
MAR-15-4G-DONGLE-SUBSIDY-SSB-MAR30-15,"86,040",
MAR-15-ADV-PREM-ACTIVATION-FEES-REVERSAL-AEO00172,950,
MAR-15-ADV-PREM-ACTIVATION-FEES-REVERSAL-MAU072,200,
MAR-15-ADV-PREM-ACTIVATION-FEES-REVERSAL-MAU073,50,
MAR-15-ADV-PREM-ACTIVATION-FEES-REVERSAL-MKL013,350,
MAR-15-ADV-PREM-ACTIVATION-FEES-REVERSAL-MKL019,50,
MAR-15-ADV-PREM-ACTIVATION-FEES-REVERSAL-MKL021,300,
MAR-15-ADV-PREM-ACTIVATION-FEES-REVERSAL-MKL063,100,
MAR-15-ADV-PREM-ACTIVATION-FEES-REVERSAL-MNAB001,200,
MAR-15-ADV-PREM-ACTIVATION-FEES-REVERSAL-MNG1012,50,
MAR-15-ADV-PREM-ACTIVATION-FEES-REVERSAL-MNG1033,800,
MAR-15-ADV-PREM-ACTIVATION-FEES-REVERSAL-MNG109,"1,200",
MAR-15-ADV-PREM-ACTIVATION-FEES-REVERSAL-MNG110,200,
MAR-15-ADV-PREM-ACTIVATION-FEES-REVERSAL-MNG188,200,
MAR-15-ADV-PREM-ACTIVATION-FEES-REVERSAL-MNG777,350,
MAR-15-ADV-PREM-ACTIVATION-FEES-REVERSAL-MNGA010,300,
MAR-15-ADV-PREM-ACTIVATION-FEES-REVERSAL-MNGC04,200,
MAR-15-ADV-PREM-ACTIVATION-FEES-REVERSAL-MPU008,250,
MAR-15-ADV-PREM-ACTIVATION-FEES-REVERSAL-MPU762,50,
MAR-15-ADV-PREM-ACTIVATION-FEES-REVERSAL-MPUD24,200,
MAR-15-ADV-PREM-ACTIVATION-FEES-REVERSAL-MPUD30,100,
MAR-15-ADV-PREM-ACTIVATION-FEES-REVERSAL-MPUD31,150,
MAR-15-ADV-PREM-ACTIVATION-FEES-REVERSAL-MPUD62,150,
MAR-15-ADV-PREM-ACTIVATION-FEES-REVERSAL-MPUDS01,"3,300",
MAR15CLA/TDS/RECT/5,"2,000",
MAR15CSTPAYMENT,"2,44,299",
MAR-15-INT-COMM-AEO-SUPP-CC-SER-TAX-AEO00139A,"1,99,811",
MAR-15-INT-COMM-AEO-SUPP-CC-SER-TAX-AEO00169A,"2,78,164",
MAR-15-INT-COMM-AEO-SUPP-CC-SER-TAX-AEO00222A,"97,948",
MAR-15-INT-COMM-AEO-SUPP-CC-SER-TAX-AEO00224A,"1,26,957",
MAR-15-INT-COMM-AEO-SUPP-CC-SER-TAX-AEO00227A,"1,58,837",
MAR-15-INT-COMM-AEO-SUPPORT-CC-COLL-AEO00206A,"1,31,652",
MAR-15-INT-COMM-AEO-SUPPORT-CC-COLL-AEO00246A,"76,482",
MAR-15-INT-COMM-AEO-SUPPORT-CC-COLL-AEO30028A,"86,826",
MAR-15-INT-COMM-AEO-SUPPORT-CC-COLL-AEO30032A,"2,55,065",
MAR-15-INT-COMM-AEO-SUPPORT-CC-COLL-AEO40033A,"1,45,017",
MAR-15-INT-COMM-AEO-SUPPORT-CC-COLL-AEO40083A,"72,831",
MAR-15-INT-COMM-AEO-SUPPORT-CC-COLL-AEO40091A,"96,375",
MAR-15-INT-COMM-AEO-SUPPORT-SER-TAX-AEO00121A,"3,32,916",
MAR-15-INT-COMM-AEO-SUPPORT-SER-TAX-AEO00171A,"52,039",
MAR-15-INT-COMM-AEO-SUPPORT-SER-TAX-AEO00191A,"1,21,658",
MAR-15-INT-COMM-AEO-SUPPORT-SER-TAX-AEO00203A,"2,61,975",
MAR-15-INT-COMM-AEO-SUPPORT-SER-TAX-AEO30030A,"2,90,885",
MAR-15-INT-COMM-AEO-SUPPORT-SER-TAX-AEO40027A,"62,416",
MAR-15-INT-COMM-AEO-SUPPORT-SER-TAX-AEO40077A,"1,64,694",
MAR-15-INT-COMM-AEO-SUPPORT-SER-TAX-AEO40081A,"1,65,423",
MAR-15-INT-COMM-AEO-SUPPORT-SER-TAX-AEO40084A,"77,079",
MAR-15-INT-COMM-AEO-SUPPORT-SER-TAX-AEO40090A,"1,85,759",
MAR-15-INT-COMM-AEO-SUPPORT-SER-TAX-AEO40092A,"1,51,265",
MAR-15-INT-COMM-CC-COLL-SSPM-SER-TAX-BS000070A,"1,79,703",
MAR-15-INT-COMM-CC-COLL-SSPM-SER-TAX-BS000074A,"1,58,940",
MAR-15-INT-COMM-CC-COLL-SSPM-SER-TAX-BS000075A,"1,80,828",
MAR-15-INT-COMM-CC-COLL-SSPM-SER-TAX-BS00029A,"1,76,526",
MAR-15-INT-COMM-CC-COLL-SSPM-SER-TAX-BS00038A,"1,74,821",
MAR-15-INT-COMM-CC-COLL-SSPM-SER-TAX-BS00039A,"3,70,995",
MAR-15-INT-COMM-CC-COLL-SSPM-SER-TAX-BS00055A,"7,28,056",
MAR-15-INT-COMM-CC-COLL-SSPM-SER-TAX-BS00067A,"2,93,950",
MAR-15-INT-COMM-CC-COLL-SSPM-SER-TAX-BS00071A,"1,49,423",
MAR-15-INT-COMMISSION-AEO00056A,"16,800",
MAR-15-INT-COMMISSION-AEO00068A,"40,950",
MAR-15-INT-COMMISSION-AEO00207A,"60,950",
MAR-15-INT-COMMISSION-AEO40072A,"35,625",
MAR-15-INT-COMMISSION-AEO40098A,"23,637",
MAR-15-INT-COMMISSION-AEO-SUPPORT-AEO00002A,"75,475",
MAR-15-INT-COMMISSION-AEO-SUPPORT-AEO00015A,"94,300",
MAR-15-INT-COMMISSION-AEO-SUPPORT-AEO00022A,"1,40,875",
MAR-15-INT-COMMISSION-AEO-SUPPORT-AEO00031A,"72,512",
MAR-15-INT-COMMISSION-AEO-SUPPORT-AEO00036A,"99,625",
MAR-15-INT-COMMISSION-AEO-SUPPORT-AEO00047A,"1,27,216",
MAR-15-INT-COMMISSION-AEO-SUPPORT-AEO00102A,"86,150",
MAR-15-INT-COMMISSION-AEO-SUPPORT-AEO00117A,"1,08,925",
MAR-15-INT-COMMISSION-AEO-SUPPORT-AEO00152A,"60,075",
MAR-15-INT-COMMISSION-AEO-SUPPORT-AEO00153A,"61,093",
MAR-15-INT-COMMISSION-AEO-SUPPORT-AEO00165A,"1,00,100",
MAR-15-INT-COMMISSION-AEO-SUPPORT-AEO00168A,"1,36,940",
MAR-15-INT-COMMISSION-AEO-SUPPORT-AEO00179A,"1,11,400",
MAR-15-INT-COMMISSION-AEO-SUPPORT-AEO00181A,"1,17,729",
MAR-15-INT-COMMISSION-AEO-SUPPORT-AEO00184A,"1,09,701",
MAR-15-INT-COMMISSION-AEO-SUPPORT-AEO00192A,"1,74,647",
MAR-15-INT-COMMISSION-AEO-SUPPORT-AEO00201A,"1,71,425",
MAR-15-INT-COMMISSION-AEO-SUPPORT-AEO00202A,"51,950",
MAR-15-INT-COMMISSION-AEO-SUPPORT-AEO00204A,"68,662",
MAR-15-INT-COMMISSION-AEO-SUPPORT-AEO00216A,"3,44,466",
MAR-15-INT-COMMISSION-AEO-SUPPORT-AEO00217A,"88,225",
MAR-15-INT-COMMISSION-AEO-SUPPORT-AEO00219A,"1,09,150",
MAR-15-INT-COMMISSION-AEO-SUPPORT-AEO00226A,"85,650",
MAR-15-INT-COMMISSION-AEO-SUPPORT-AEO00232A,"1,48,162",
MAR-15-INT-COMMISSION-AEO-SUPPORT-AEO00234A,"80,327",
MAR-15-INT-COMMISSION-AEO-SUPPORT-AEO00235A,"83,594",
MAR-15-INT-COMMISSION-AEO-SUPPORT-AEO00238A,"82,375",
MAR-15-INT-COMMISSION-AEO-SUPPORT-AEO00243A,"40,975",
MAR-15-INT-COMMISSION-AEO-SUPPORT-AEO00247A,"2,03,350",
MAR-15-INT-COMMISSION-AEO-SUPPORT-AEO00248A,"79,100",
MAR-15-INT-COMMISSION-AEO-SUPPORT-AEO30022A,"72,394",
MAR-15-INT-COMMISSION-AEO-SUPPORT-AEO30031A,"1,65,300",
MAR-15-INT-COMMISSION-AEO-SUPPORT-AEO30035A,"55,500",
MAR-15-INT-COMMISSION-AEO-SUPPORT-AEO30041A,"1,14,525",
MAR-15-INT-COMMISSION-AEO-SUPPORT-AEO40036A,"1,19,019",
MAR-15-INT-COMMISSION-AEO-SUPPORT-AEO40039A,"75,000",
MAR-15-INT-COMMISSION-AEO-SUPPORT-AEO40049A,"96,275",
MAR-15-INT-COMMISSION-AEO-SUPPORT-AEO40050A,"1,46,881",
MAR-15-INT-COMMISSION-AEO-SUPPORT-AEO40051A,"95,351",
MAR-15-INT-COMMISSION-AEO-SUPPORT-AEO40059A,"1,00,650",
MAR-15-INT-COMMISSION-AEO-SUPPORT-AEO40061A,"81,100",
MAR-15-INT-COMMISSION-AEO-SUPPORT-AEO40063A,"75,312",
MAR-15-INT-COMMISSION-AEO-SUPPORT-AEO40068A,"1,00,850",
MAR-15-INT-COMMISSION-AEO-SUPPORT-AEO40074A,"59,290",
MAR-15-INT-COMMISSION-AEO-SUPPORT-AEO40075A,"1,43,000",
MAR-15-INT-COMMISSION-AEO-SUPPORT-AEO40076A,"95,825",
MAR-15-INT-COMMISSION-AEO-SUPPORT-AEO40078A,"1,71,669",
MAR-15-INT-COMMISSION-AEO-SUPPORT-AEO40079A,"60,375",
MAR-15-INT-COMMISSION-AEO-SUPPORT-AEO40080A,"94,651",
MAR-15-INT-COMMISSION-AEO-SUPPORT-AEO40085A,"67,925",
MAR-15-INT-COMMISSION-AEO-SUPPORT-AEO40089A,"2,09,824",
MAR-15-INT-COMMISSION-BS00064A,"33,001",
MAR-15-INT-COMMISSION-CC-COLL-SSPM-BS00031A,"2,96,480",
MAR-15-INT-COMMISSION-CC-COLL-SSPM-BS00069A,"1,18,354",
MAR-15-INT-COMMISSION-CSA69020A,"84,299",
MAR-15-INT-COMMISSION-CSA69023A,"5,68,373",
MAR-15-INT-COMMISSION-CSA69024A,"5,63,200",
MAR-15-INT-COMMISSION-CSA69027A,"2,07,675",
MAR-15-INT-COMMISSION-SAD11137A,"1,57,600",
MAR-15-INT-COMMISSION-SER-TAX-AEO00214A,"1,08,246",
MAR-15-INT-COMMISSION-SER-TAX-AEO40030A,"38,676",
MAR-15-INT-COMMISSION-SER-TAX-BS00068A,"36,573",
MAR-15-INT-COMMISSION-SER-TAX-CSA10009A,"9,50,391",
MAR-15-INT-COMMISSION-SER-TAX-CSA10010A,"66,622",
MAR-15-INT-COMMISSION-SER-TAX-CSA63000A,"6,56,351",
MAR-15-INT-COMMISSION-SER-TAX-CSA64001A,"13,05,568",
MAR-15-INT-COMMISSION-SER-TAX-CSA65003A,"1,07,931",
MAR-15-INT-COMMISSION-SER-TAX-CSA65004A,"1,19,383",
MAR-15-INT-COMMISSION-SER-TAX-CSA65005A,"14,91,775",
MAR-15-INT-COMMISSION-SER-TAX-CSA69030A,"79,581",
MAR-15-INT-COMMISSION-SER-TAX-CSAKAM2A,"1,61,236",
MAR-15-INT-COMMISSION-SER-TAX-EBDSA019A,"1,83,926",
MAR-15-INT-COMMISSION-SER-TAX-MUB2B001A,"3,89,300",
MAR-15-INT-COMMISSION-SER-TAX-SAD11118A,"14,53,336",
MAR-15-INT-COMMISSION-SER-TAX-SAD11121A,"89,109",
MAR-15-INT-COMMISSION-SER-TAX-SAD11128A,"1,03,407",
MAR-15-INT-COMMISSION-SER-TAX-SAD11130A,"9,95,960",
MAR-15-INT-COMMISSION-SER-TAX-SAD11132A,"8,95,463",
MAR-15-INT-COMMISSION-SSPM-SER-TAX-ARC0002A,"1,58,795",
MAR-15-INT-COMMISSION-SSPM-SER-TAX-BS00062A,"73,230",
MAR-15-INTERIM-COMM-AEO-SUPPORT-CC-COLL-AEO00245,"1,47,050",
MAR-15-INTERIM-COMM-AEO-SUPPORT-CC-COLL-AEO40038,"1,20,036",
MAR-15-INTERIM-COMM-CC-COLL-SSPM-SER-TAX-ARC0004,"1,47,222",
MAR-15-INTERIM-COMM-CC-COLL-SSPM-SER-TAX-BS00033,"2,73,635",
MAR-15-INTERIM-COMM-CC-COLL-SSPM-SER-TAX-BS00054,"1,11,993",
MAR-15-INTERIM-COMM-CC-COLL-SSPM-SER-TAX-BS00070,"1,24,667",
MAR-15-INTERIM-COMMISSION-AAROHI,"40,150",
MAR-15-INTERIM-COMMISSION-AEO00091,"14,250",
MAR-15-INTERIM-COMMISSION-AEO00196,"60,761",
MAR-15-INTERIM-COMMISSION-AEO00218,"16,001",
MAR-15-INTERIM-COMMISSION-AEO00221,"13,325",
MAR-15-INTERIM-COMMISSION-AEO-SUPPORT-AEO00225,"49,375",
MAR-15-INTERIM-COMMISSION-AEO-SUPPORT-AEO00230,"1,39,544",
MAR-15-INTERIM-COMMISSION-AEO-SUPPORT-AEO00233,"1,42,687",
MAR-15-INTERIM-COMMISSION-AEO-SUPPORT-AEO00242,"1,26,000",
MAR-15-INTERIM-COMMISSION-AEO-SUPPORT-AEO00244,"1,21,300",
MAR-15-INTERIM-COMMISSION-AEO-SUPPORT-AEO30034,"47,925",
MAR-15-INTERIM-COMMISSION-CC-COLL-SSPM-BS00014,"2,23,146",
MAR-15-INTERIM-COMMISSION-CSA65006,"1,47,950",
MAR-15-INTERIM-COMMISSION-CSA65011,"2,94,325",
MAR-15-INTERIM-COMMISSION-CSA69026,"6,81,449",
MAR-15-INTERIM-COMMISSION-CSA69029,"1,21,850",
MAR-15-INTERIM-COMMISSION-CSA69031,"4,68,050",
MAR-15-INTERIM-COMMISSION-MAU005,"1,20,950",
MAR-15-INTERIM-COMMISSION-MAU007,"14,400",
MAR-15-INTERIM-COMMISSION-MAU069,"31,676",
MAR-15-INTERIM-COMMISSION-MAU070,"81,541",
MAR-15-INTERIM-COMMISSION-MAU075,"1,38,620",
MAR-15-INTERIM-COMMISSION-MAU077,"1,38,368",
MAR-15-INTERIM-COMMISSION-MAU080,"21,150",
MAR-15-INTERIM-COMMISSION-MAU082,"47,649",
MAR-15-INTERIM-COMMISSION-MAU084,"26,459",
MAR-15-INTERIM-COMMISSION-MAU086,"11,600",
MAR-15-INTERIM-COMMISSION-MAU089,"90,050",
MAR-15-INTERIM-COMMISSION-MAU092,"66,200",
MAR-15-INTERIM-COMMISSION-MAU094,"3,750",
MAR-15-INTERIM-COMMISSION-MGO007,"1,27,321",
MAR-15-INTERIM-COMMISSION-MGO053,"32,410",
MAR-15-INTERIM-COMMISSION-MGO054,"31,950",
MAR-15-INTERIM-COMMISSION-MKL004,"65,750",
MAR-15-INTERIM-COMMISSION-MKL009,"42,950",
MAR-15-INTERIM-COMMISSION-MKL016,"23,600",
MAR-15-INTERIM-COMMISSION-MKL021,"62,300",
MAR-15-INTERIM-COMMISSION-MKL022,"80,800",
MAR-15-INTERIM-COMMISSION-MKL024,"67,000",
MAR-15-INTERIM-COMMISSION-MKL060,"45,450",
MAR-15-INTERIM-COMMISSION-MKL061,"50,832",
MAR-15-INTERIM-COMMISSION-MKL064,"50,380",
MAR-15-INTERIM-COMMISSION-MKLA01,"72,481",
MAR-15-INTERIM-COMMISSION-MKLA06,"26,342",
MAR-15-INTERIM-COMMISSION-MKLA07,"4,920",
MAR-15-INTERIM-COMMISSION-MNA315,"1,01,907",
MAR-15-INTERIM-COMMISSION-MNA700,"77,018",
MAR-15-INTERIM-COMMISSION-MNA704,"1,75,154",
MAR-15-INTERIM-COMMISSION-MNA707,"23,113",
MAR-15-INTERIM-COMMISSION-MNA709,"47,800",
MAR-15-INTERIM-COMMISSION-MNA712,"2,40,400",
MAR-15-INTERIM-COMMISSION-MNA713,"71,023",
MAR-15-INTERIM-COMMISSION-MNA719,"32,900",
MAR-15-INTERIM-COMMISSION-MNA721,"85,835",
MAR-15-INTERIM-COMMISSION-MNA722,"18,347",
MAR-15-INTERIM-COMMISSION-MNA723,"23,950",
MAR-15-INTERIM-COMMISSION-MNAD005,"16,084",
MAR-15-INTERIM-COMMISSION-MNAD006,"42,544",
MAR-15-INTERIM-COMMISSION-MNAD007,"51,450",
MAR-15-INTERIM-COMMISSION-MNG1013,"61,524",
MAR-15-INTERIM-COMMISSION-MNG1016,"37,875",
MAR-15-INTERIM-COMMISSION-MNG1021,"54,684",
MAR-15-INTERIM-COMMISSION-MNG1026,"1,14,269",
MAR-15-INTERIM-COMMISSION-MNG1027,"37,602",
MAR-15-INTERIM-COMMISSION-MNG1028,"38,042",
MAR-15-INTERIM-COMMISSION-MNG1032,"51,719",
MAR-15-INTERIM-COMMISSION-MNG192,"44,414",
MAR-15-INTERIM-COMMISSION-MNG193,"48,000",
MAR-15-INTERIM-COMMISSION-MNG195,"41,954",
MAR-15-INTERIM-COMMISSION-MNG196,"10,714",
MAR-15-INTERIM-COMMISSION-MNG197,"74,450",
MAR-15-INTERIM-COMMISSION-MNG199,"62,998",
MAR-15-INTERIM-COMMISSION-MNG204,"8,950",
MAR-15-INTERIM-COMMISSION-MNG205,"85,549",
MAR-15-INTERIM-COMMISSION-MNG206,"1,51,300",
MAR-15-INTERIM-COMMISSION-MNG207,"19,050",
MAR-15-INTERIM-COMMISSION-MNG209,"71,899",
MAR-15-INTERIM-COMMISSION-MNGA004,"3,073",
MAR-15-INTERIM-COMMISSION-MNGA005,"1,58,592",
MAR-15-INTERIM-COMMISSION-MNGC03,"1,00,413",
MAR-15-INTERIM-COMMISSION-MPUD10,"10,853",
MAR-15-INTERIM-COMMISSION-MPUD18,"62,075",
MAR-15-INTERIM-COMMISSION-MPUD19,"74,898",
MAR-15-INTERIM-COMMISSION-MPUD34,"1,15,306",
MAR-15-INTERIM-COMMISSION-MPUD46,"1,18,062",
MAR-15-INTERIM-COMMISSION-MPUD49,"41,744",
MAR-15-INTERIM-COMMISSION-MPUD54,"84,467",
MAR-15-INTERIM-COMMISSION-MPUD56,"28,800",
MAR-15-INTERIM-COMMISSION-MPUD57,"56,349",
MAR-15-INTERIM-COMMISSION-MPUD63,"35,348",
MAR-15-INTERIM-COMMISSION-MPUD64,"1,24,038",
MAR-15-INTERIM-COMMISSION-MPUD65,"3,12,407",
MAR-15-INTERIM-COMMISSION-MPUD69,"43,050",
MAR-15-INTERIM-COMMISSION-MPUD70,"27,743",
MAR-15-INTERIM-COMMISSION-MPUD71,"84,683",
MAR-15-INTERIM-COMMISSION-MPUD72,"1,93,800",
MAR-15-INTERIM-COMMISSION-MPUD74,"76,491",
MAR-15-INTERIM-COMMISSION-MPUD75,"54,017",
MAR-15-INTERIM-COMMISSION-MPUD76,"1,35,623",
MAR-15-INTERIM-COMMISSION-MPUD77,"37,400",
MAR-15-INTERIM-COMMISSION-MPUD79,"1,55,600",
MAR-15-INTERIM-COMMISSION-MPUD80,"1,46,244",
MAR-15-INTERIM-COMMISSION-MPUD81,"1,20,835",
MAR-15-INTERIM-COMMISSION-MPUD84,"2,06,500",
MAR-15-INTERIM-COMMISSION-MPUD85,"39,800",
MAR-15-INTERIM-COMMISSION-MPUD86,"80,550",
MAR-15-INTERIM-COMMISSION-MPUD89,"3,11,181",
MAR-15-INTERIM-COMMISSION-MPUD90,"1,44,680",
MAR-15-INTERIM-COMMISSION-MPUD92,"3,19,733",
MAR-15-INTERIM-COMMISSION-MPUD94,"54,649",
MAR-15-INTERIM-COMMISSION-MPUD96,"76,525",
MAR-15-INTERIM-COMMISSION-MPUD98,"16,516",
MAR-15-INTERIM-COMMISSION-MSO081,"1,08,880",
MAR-15-INTERIM-COMMISSION-MSO093,"85,000",
MAR-15-INTERIM-COMMISSION-MSO099,"18,000",
MAR-15-INTERIM-COMMISSION-MTR0001,"25,150",
MAR-15-INTERIM-COMMISSION-MTR0004,"77,350",
MAR-15-INTERIM-COMMISSION-MTR0008,"74,397",
MAR-15-INTERIM-COMMISSION-MTR0011,"63,000",
MAR-15-INTERIM-COMMISSION-MTR0012,"79,478",
MAR-15-INTERIM-COMMISSION-MTR0016,"50,650",
MAR-15-INTERIM-COMMISSION-MUU079,"14,250",
MAR-15-INTERIM-COMMISSION-MVA026,"74,655",
MAR-15-INTERIM-COMMISSION-MVA037,"49,900",
MAR-15-INTERIM-COMMISSION-MVA039,"99,951",
MAR-15-INTERIM-COMMISSION-MVA041,"1,26,959",
MAR-15-INTERIM-COMMISSION-NG209,"37,850",
MAR-15-INTERIM-COMMISSION-NG211,"1,44,645",
MAR-15-INTERIM-COMMISSION-SER-TAX-BS00058,"10,091",
MAR-15-INTERIM-COMMISSION-SER-TAX-CSA65000,"44,79,312",
MAR-15-INTERIM-COMMISSION-SER-TAX-CSA65030,"33,876",
MAR-15-INTERIM-COMMISSION-SER-TAX-CSAKAM1,"21,910",
MAR-15-INTERIM-COMMISSION-SER-TAX-EBDSA001,"35,19,788",
MAR-15-INTERIM-COMMISSION-SER-TAX-EBDSA014,"12,08,884",
MAR-15-INTERIM-COMMISSION-SER-TAX-EBDSA016,"14,251",
MAR-15-INTERIM-COMMISSION-SER-TAX-EBDSA017,"6,14,151",
MAR-15-INTERIM-COMMISSION-SER-TAX-EBDSA018,"1,30,845",
MAR-15-INTERIM-COMMISSION-SER-TAX-SAD00008,"22,43,512",
MAR-15-INTERIM-COMMISSION-SER-TAX-SAD11127,"6,65,569",
MAR-15-INTERIM-COMMISSION-SERV-TAX-MAU004,"1,30,421",
MAR-15-INTERIM-COMMISSION-SERV-TAX-MAU062,"1,84,412",
MAR-15-INTERIM-COMMISSION-SERV-TAX-MAU065,"1,88,343",
MAR-15-INTERIM-COMMISSION-SERV-TAX-MAU067,"2,52,957",
MAR-15-INTERIM-COMMISSION-SERV-TAX-MAU081,"66,620",
MAR-15-INTERIM-COMMISSION-SERV-TAX-MAUB001,"1,40,649",
MAR-15-INTERIM-COMMISSION-SERV-TAX-MGO052,"80,787",
MAR-15-INTERIM-COMMISSION-SERV-TAX-MGO123,"1,04,456",
MAR-15-INTERIM-COMMISSION-SERV-TAX-MKL002,"2,91,250",
MAR-15-INTERIM-COMMISSION-SERV-TAX-MKL003,"1,52,137",
MAR-15-INTERIM-COMMISSION-SERV-TAX-MKL005,"98,284",
MAR-15-INTERIM-COMMISSION-SERV-TAX-MKL014,"58,202",
MAR-15-INTERIM-COMMISSION-SERV-TAX-MKL015,"1,02,517",
MAR-15-INTERIM-COMMISSION-SERV-TAX-MKL041,"2,24,138",
MAR-15-INTERIM-COMMISSION-SERV-TAX-MKL056,"46,328",
MAR-15-INTERIM-COMMISSION-SERV-TAX-MKL059,"2,16,565",
MAR-15-INTERIM-COMMISSION-SERV-TAX-MNA012,"1,93,510",
MAR-15-INTERIM-COMMISSION-SERV-TAX-MNA014,"81,516",
MAR-15-INTERIM-COMMISSION-SERV-TAX-MNA130,"1,50,330",
MAR-15-INTERIM-COMMISSION-SERV-TAX-MNA307,"35,268",
MAR-15-INTERIM-COMMISSION-SERV-TAX-MNA310,"2,08,738",
MAR-15-INTERIM-COMMISSION-SERV-TAX-MNA311,"37,159",
MAR-15-INTERIM-COMMISSION-SERV-TAX-MNA313,"36,349",
MAR-15-INTERIM-COMMISSION-SERV-TAX-MNA317,"51,128",
MAR-15-INTERIM-COMMISSION-SERV-TAX-MNA321,"67,855",
MAR-15-INTERIM-COMMISSION-SERV-TAX-MNA502,"5,834",
MAR-15-INTERIM-COMMISSION-SERV-TAX-MNA701,"1,36,947",
MAR-15-INTERIM-COMMISSION-SERV-TAX-MNAD001,"41,357",
MAR-15-INTERIM-COMMISSION-SERV-TAX-MNAD002,"27,629",
MAR-15-INTERIM-COMMISSION-SERV-TAX-MNG013,"2,47,287",
MAR-15-INTERIM-COMMISSION-SERV-TAX-MNG020,"1,09,372",
MAR-15-INTERIM-COMMISSION-SERV-TAX-MNG023,"1,28,125",
MAR-15-INTERIM-COMMISSION-SERV-TAX-MNG055,"1,57,529",
MAR-15-INTERIM-COMMISSION-SERV-TAX-MNG1024,"1,48,675",
MAR-15-INTERIM-COMMISSION-SERV-TAX-MNG104,"38,764",
MAR-15-INTERIM-COMMISSION-SERV-TAX-MNG110,"1,54,966",
MAR-15-INTERIM-COMMISSION-SERV-TAX-MNG124,"94,281",
MAR-15-INTERIM-COMMISSION-SERV-TAX-MNG201,"7,553",
MAR-15-INTERIM-COMMISSION-SERV-TAX-MPU001,"6,85,702",
MAR-15-INTERIM-COMMISSION-SERV-TAX-MPU004,"5,00,116",
MAR-15-INTERIM-COMMISSION-SERV-TAX-MPU008,"61,760",
MAR-15-INTERIM-COMMISSION-SERV-TAX-MPU009,"8,18,758",
MAR-15-INTERIM-COMMISSION-SERV-TAX-MPU016,"1,19,360",
MAR-15-INTERIM-COMMISSION-SERV-TAX-MPU018,"1,88,167",
MAR-15-INTERIM-COMMISSION-SERV-TAX-MPU021A,"6,14,161",
MAR-15-INTERIM-COMMISSION-SERV-TAX-MPU031,"1,41,143",
MAR-15-INTERIM-COMMISSION-SERV-TAX-MPU035,"14,731",
MAR-15-INTERIM-COMMISSION-SERV-TAX-MPU054,"3,66,489",
MAR-15-INTERIM-COMMISSION-SERV-TAX-MPU056,"2,83,994",
MAR-15-INTERIM-COMMISSION-SERV-TAX-MPU059,"1,44,573",
MAR-15-INTERIM-COMMISSION-SERV-TAX-MPU100,"2,31,478",
MAR-15-INTERIM-COMMISSION-SERV-TAX-MPU124,"96,473",
MAR-15-INTERIM-COMMISSION-SERV-TAX-MPU177,"88,202",
MAR-15-INTERIM-COMMISSION-SERV-TAX-MPU200,"62,815",
MAR-15-INTERIM-COMMISSION-SERV-TAX-MPU402,"3,51,127",
MAR-15-INTERIM-COMMISSION-SERV-TAX-MPU762,"14,607",
MAR-15-INTERIM-COMMISSION-SERV-TAX-MPU769,"16,73,238",
MAR-15-INTERIM-COMMISSION-SERV-TAX-MPU859,"1,96,542",
MAR-15-INTERIM-COMMISSION-SERV-TAX-MPU863,"1,47,191",
MAR-15-INTERIM-COMMISSION-SERV-TAX-MPU905,"2,18,164",
MAR-15-INTERIM-COMMISSION-SERV-TAX-MPU906,"1,12,304",
MAR-15-INTERIM-COMMISSION-SERV-TAX-MPU913,"1,76,445",
MAR-15-INTERIM-COMMISSION-SERV-TAX-MPU936,"32,689",
MAR-15-INTERIM-COMMISSION-SERV-TAX-MPU940,"1,48,086",
MAR-15-INTERIM-COMMISSION-SERV-TAX-MPU941,"3,09,811",
MAR-15-INTERIM-COMMISSION-SERV-TAX-MPU949,"5,16,888",
MAR-15-INTERIM-COMMISSION-SERV-TAX-MPU956,"3,38,396",
MAR-15-INTERIM-COMMISSION-SERV-TAX-MPU996,"8,14,498",
MAR-15-INTERIM-COMMISSION-SERV-TAX-MPUA03,"64,375",
MAR-15-INTERIM-COMMISSION-SERV-TAX-MPUA06,"2,65,064",
MAR-15-INTERIM-COMMISSION-SERV-TAX-MPUA07,"6,02,742",
MAR-15-INTERIM-COMMISSION-SERV-TAX-MPUD02,"49,282",
MAR-15-INTERIM-COMMISSION-SERV-TAX-MPUD08A,"8,28,133",
MAR-15-INTERIM-COMMISSION-SERV-TAX-MPUD09,"87,021",
MAR-15-INTERIM-COMMISSION-SERV-TAX-MPUD16,"87,863",
MAR-15-INTERIM-COMMISSION-SERV-TAX-MPUD17,"45,673",
MAR-15-INTERIM-COMMISSION-SERV-TAX-MPUD21,"96,589",
MAR-15-INTERIM-COMMISSION-SERV-TAX-MPUD32,"7,950",
MAR-15-INTERIM-COMMISSION-SERV-TAX-MPUD35,"31,426",
MAR-15-INTERIM-COMMISSION-SERV-TAX-MPUD37,"60,231",
MAR-15-INTERIM-COMMISSION-SERV-TAX-MPUD45,"53,691",
MAR-15-INTERIM-COMMISSION-SERV-TAX-MPUD53,"1,24,095",
MAR-15-INTERIM-COMMISSION-SERV-TAX-MPUD73,"22,752",
MAR-15-INTERIM-COMMISSION-SERV-TAX-MPUD88,"1,64,258",
MAR-15-INTERIM-COMMISSION-SERV-TAX-MSO082,"2,42,484",
MAR-15-INTERIM-COMMISSION-SERV-TAX-MSO091,"80,225",
MAR-15-INTERIM-COMMISSION-SERV-TAX-MTR0003,"47,135",
MAR-15-INTERIM-COMMISSION-SERV-TAX-MTR0013,"61,798",
MAR-15-INTERIM-COMMISSION-SERV-TAX-MTR0017,"53,985",
MAR-15-INTERIM-COMMISSION-SERV-TAX-MVA032,"1,16,558",
MAR-15-INTERIM-COMMISSION-SERV-TAX-MVA036,"3,08,701",
MAR-15-INTERIM-COMMISSION-SSPM-SER-TAX-ARC0001,"1,24,538",
MAR-15-INTERIM-COMMISSION-SSPM-SER-TAX-ARC0003,"36,096",
MAR15VATPAYMENT,"14,53,355",
MAR15WCTAESGOA,423,
MAR15WCTPAYMENT,"4,40,031",
MC/01/2015,"24,519",
MH/201502-FEB-15/IN/26,"57,71,379",
MH/201503/107/IN/O,"65,94,510",
MH/201503/108/IN/O,"7,00,78,837",
MH/201503/108/IN/O/,"42,25,656",
MH/201503/3297/IN/O,"98,146",
MH/201503/MH0003/IN/MAIN,"3,27,381",
MH/201503/MH1003/IN/MAIN,"21,52,676",
MH/201503/MH2003/IN/MAIN,"3,35,126",
MH/20150301/19164/MH/IN/O,"21,51,310",
MH/20150301/19208/MUM/IN/O,"20,62,563",
MH/9839/MAR/15,"8,33,059",
MH/9848/MAR/15,"1,13,95,387",
MH/AIR/0315/4972,"3,89,34,886",
MH/AIR/0315/4972/,"2,06,147",
MH/AIR/0315/4972/P,"93,72,602",
MH/AIR/0315/4972/P/REC,"7,79,628",
MH/AIR/0315/4973,"51,36,293",
MK/15-16/00002,"2,856",
MM/AIR/0315/5273,"54,01,836",
MM/AIR/0315/5274,"3,02,46,912",
MNG/3G/ICR/14-15/14/01,"14,19,61,831",
MP/20150301/19165/MH/IN/O,"71,138",
MP/20150301/19209/MUM/IN/O,"8,53,014",
MTE-001/2015-16,"1,12,360",
MTNL/MUM/CDMA/MAR-15/100005,671,
MTNL/MUM/GSM/MAR-15/100014,"19,78,893",
MTNL/MUM/GSM/MAR-15/100022,"4,16,774",
MTNL/MUM/PSTN/MAR-15/100011,284,
MTNL/MUM/PSTN/MAR-15/100027,"1,52,177",
MUM/201503/121/IN/O,"35,82,001",
MUM/201503/121/IN/O/,"1,583",
MUM/201503/122/IN/O,"1,20,22,906",
MUM/201503/122/IN/O/,"1,74,413",
MUM/20150301/19166/MH/IN/O,"44,489",
MUM/20150301/19210/MUM/IN/O,"5,03,980",
MUM/AIRTEL-MAHARASHTRA/0070,"7,91,632",
MUM1007for15-05-15to13-05-16,"8,00,000",
MUM117for25-05-15to23-05-16,"2,18,750",
MUM130for06-05-15to04-05-16,"6,00,000",
MUM1365for01-04-15to31-03-16,"6,00,000",
MUM1486for01-04-15to30-03-16,"3,87,500",
MUM2060for01-04-15to30-03-16,"3,00,000",
MUM2061for01-05-15to29-04-16,"3,45,000",
MUM2334FOR10-08-14TO09-08-15/TDS/RECT/6,"37,625",
MUM2462for01-04-15to30-03-16,"3,60,000",
MUM254for16-02-15to15-02-16,"3,50,000",
MUM2558for23-05-15to21-05-16,"9,79,553",
MUM2582for26-04-15to24-04-16,"5,99,000",
MUM258for07-05-15to05-05-16,"2,99,000",
MUM2590for22-01-15to21-01-16,"1,90,000",
MUM2592for10-04-15to08-04-16,"2,10,000",
MUM2599for16-03-15to14-03-16,"1,87,000",
MUM2621for20-05-15to18-05-16,"1,72,500",
MUM2672for01-04-15to30-03-16,"6,01,400",
MUM2674for01-04-15to31-03-16,"2,50,000",
MUM2885FOR25-11-12TO24-11-13/TDS/RECT/7,"13,750",
MUM3003for01-04-15to31-03-16,"8,50,000",
MUM3046for01-04-15to30-03-16,"3,00,000",
MUM3051for01-04-15to30-03-16,"3,00,000",
MUM3062for01-04-15to30-03-16,"2,30,000",
MUM3088for01-04-15to30-03-16,"1,64,093",
MUM3129for23-05-15to21-05-16,"7,00,000",
MUM313for01-04-15to30-03-16,"2,50,000",
MUM3143for28-04-15to26-04-16,"2,32,925",
MUM3190for15-03-15to14-03-16,"50,000",
MUM3204for14-03-15to13-03-16,"2,00,000",
MUM3205for01-04-15to30-03-16,"8,40,000",
MUM3223for01-04-15to30-03-16,"6,01,400",
MUM3231for01-05-15to30-04-16,"1,75,000",
MUM3231FOR01-11-14TO31-01-15/TDS/RECT/8,"17,500",
MUM3267for19-05-15to17-05-16,"3,00,000",
MUM3291for01-04-15to30-03-16,"1,96,875",
MUM3312FOR01-03-14TO28-02-15/TDS/RECT/9,"17,600",
MUM3312FOR01-03-15TO28-02-16/TDS/RECT/10,"17,600",
MUM3324for01-01-15to31-12-15,"4,00,000",
MUM3355for15-05-15to13-05-16,"1,72,500",
MUM3361for07-04-15to05-04-16,"2,66,200",
MUM3370for01-04-15to30-03-16,"6,06,000",
MUM3374for06-04-15to04-04-16,"2,42,000",
MUM3375for26-04-15to24-04-16,"2,56,762",
MUM3384for12-04-15to10-04-16,"1,50,000",
MUM3393for25-04-15to23-04-16,"5,00,000",
MUM3412FOR10-09-14TO09-09-15/TDS/RECT/11,"15,000",
MUM3419for20-03-14to19-03-15,"4,21,798",
MUM3419for20-03-15to19-03-16,"3,45,000",
MUM3421for20-05-15to18-05-16,"3,30,000",
MUM3423for12-04-15to10-04-16,"2,20,000",
MUM3460for27-05-15to26-05-16,"4,50,000",
MUM3503for01-04-15to30-03-16,"2,47,500",
MUM3542for01-04-15to30-03-16,"1,32,000",
MUM3731for01-04-15to30-03-16,"17,87,500",
MUM3742for09-04-15to07-04-16,"4,35,600",
MUM3745for12-05-15to10-05-16,"2,72,250",
MUM3747for27-05-15to25-05-16,"1,65,000",
MUM3758for10-10-14to09-10-15,"7,00,000",
MUM375for01-04-14to31-03-15,"1,80,000",
MUM375for01-04-15to31-03-16,"4,50,000",
MUM3768for21-04-15to19-04-16,"1,85,150",
MUM3797for04-05-15to02-05-16,"3,02,500",
MUM3890for18-05-15to17-05-16,"2,20,220",
MUM3922for01-04-15to30-03-16,"2,40,000",
MUM420for01-04-15to30-03-16,"1,20,000",
MUM466for02-04-15to31-03-16,"2,00,000",
MUM5032for01-04-15to30-03-16,"8,50,000",
MUM508for04-02-2015to03-02-16,"2,85,000",
MUM515for01-04-15to30-03-16,"5,00,000",
MUM5736for23-11-14to23-11-15,"6,00,000",
MUM5770for25-04-15to23-04-16,"18,00,000",
MUM602for01-04-15to30-03-16,"4,50,000",
MUM656for29-04-15to27-04-16,"2,32,320",
MUM674FOR25-06-14TO24-06-15/TDS/RECT/12,"26,400",
MUM713for01-04-15to30-03-16,"1,20,000",
MUM811for24-04-15to22-04-16,"1,70,000",
MUM871for01-05-15to29-04-16,"7,30,000",
MUM946FOR01-04-14TO31-03-15/TDS/RECT/13,"15,000",
MUM946for01-04-15to30-03-16,"1,50,000",
MUM963for12-05-15to10-05-16,"2,50,000",
MUM965for21-04-15to19-04-16,"1,00,000",
MUMBAI/AIRTEL/0073,"38,20,213",
ND/20150301/19167/MH/IN/O,"4,406",
ND/20150301/19211/MUM/IN/O,"3,85,127",
NE/20150301/19168/MH/IN/O,390,
NE/20150301/19212/MUM/IN/O,"28,718",
NFA/ABHIRUCHI-MALL/MH4852/2014,"30,000",
NFA/GAJRA-UDYOG/MG2883/2014/1/TDS/RECT/15,"6,250",
NFA/GAJRA-UDYOG/MG2883/2014/TDS/RECT/14,"6,250",
NFA/HOTEL-O/MG622/2014,"30,000",
NFA/INNOVATION-PARK/ROM5369/2014,"30,000",
NFA/IVY-STUDIOS/MG3234/2014,"30,000",
NFA/KOTHRUD-VASANT-PUSHPA/4163/2014,"30,000",
NFA/MAYFAIR-TOWER/4669/2014,"30,000",
NFA/METROPOLOTIAN/MG3075/2014,"30,000",
NFA/MITTAL-COURT/MG3082/2014,"30,000",
NFA/PAN-CARD-CLUB/MG2606/2014,"30,000",
NFA/PARIJAT-APT/MG6450/2015,"30,000",
NFA/RAJWAD-PALACE-HOTEL/MG2626/2014,"30,000",
NFA/SADASHIV-APART/MG2700/2014,"30,000",
NFA/SUN-N-SAND-HOTEL/2113/2014,"30,000",
NFA/UP-AND-ABOVE/MG2654/2014,"30,000",
NFA/VIRA-THEATRE/2798/2015,"13,500",
NOV-13-INTERIM-JUL-13-3RD-BILL-COMM-MNAD004,"5,975",
NOV-13-INT-JUN-13-THIRD-BILL-DIFF-MNAD004,"1,800",
NOV14CLA/TDS/RECT/16,"2,268",
NOV-14-INTERIM-COMMISSION-MPUD07,"4,250",
NOV-14-INTERIM-COMMISSION-MSO092,"4,800",
NOV-14-INTERIM-COMMISSION-SER-TAX-MAUB003,"3,200",
OCT-13-INTERIM-JUN-13-3RD-BILL-COMM-MNAD004,"4,125",
OCT14CLAARREAR/TDS/RECT/17,168,
OR/20150301/19169/MH/IN/O,316,
OR/20150301/19213/MUM/IN/O,"16,826",
PB/20150301/19170/MH/IN/O,"7,534",
PB/20150301/19214/MUM/IN/O,"3,71,997",
PD/2015/0109,"21,817",
PD/2015/0110,"86,938",
PDP-04-2015,"78,830",
PDP-05-2015,"78,830",
PGAST0215,"56,856",
PIIL/SNP/AIRTEL/1516/00103,"11,461",
PIIL/SNP/AIRTEL/1516/00104,"29,798",
PIIL/SNP/AIRTEL/1516/00105,"91,686",
PIIL/SNP/AIRTEL/1516/00106,"5,01,596",
PPP-04-2015,"78,830",
PPP-05-2015,"78,830",
RAJDHANI/01/01/15-14/15,"33,743",
R-BAL-2014-001135,"1,416",
R-BAL-2014-001136,"28,795",
R-BAL-2014-001352,"1,412",
R-BAL-2014-001353,"96,888",
R-BAL-2014-001561,"1,249",
R-BAL-2014-001562,"97,445",
R-BAL-2014-001780,"1,152",
R-BAL-2014-001781,"99,415",
R-BAL-2014-002220,650,
R-BAL-2014-002221,"65,309",
R-BAL-2015-002980,951,
R-BAL-2015-002981,"2,26,383",
R-BAL-2015-003057,"4,751",
R-BAL-2015-003058,"2,47,261",
R-BAL-2015-003087,478,
R-BAL-2015-003088,"90,910",
R-BAL-2015-003304,955,
R-BAL-2015-003305,"1,73,461",
R-BHARTI2015-002424,"1,19,33,258",
R-BHARTI2015-002425,"14,87,430",
RDD/15-16/001,"2,02,248",
RDD/15-16/002,"2,02,248",
RENT/AEOHIRANANADANIMEADOWS/APR/2015,"35,281",
RENT/AEOHIRANANADANIMEADOWS/MAY/2015,"35,281",
RENT/AUNDHARC/APR/2015,"70,000",
RENT/AUNDHARC/MAY/2015,"70,000",
RENT/AURANGABADARC/APR/2015,"62,000",
RENT/AURANGABADARC/MAY/2015,"62,000",
RENT/AURANGABADCIDCO/AOR/APR/2015,"73,000",
RENT/BELAPUR/AOR/APR/2015,"1,25,000",
RENT/CHEMBURARC/MAR14TOAPR15,"16,10,000",
RENT/DOMBIVALIARC/APR/2015,"2,15,000",
RENT/DOMBIVALIARC/MAY/2015,"2,15,000",
RENT/ELPHANSTONEARC/APR/2015,"1,15,000",
RENT/ELPHANSTONEARC/MAY/2015,"1,15,000",
RENT/GALA13WAREHOUE/APR/2015,"15,625",
RENT/GALA13WAREHOUE/MAY/2015,"15,625",
RENT/GALA14WAREHOUE/APR/2015,"15,625",
RENT/GALA14WAREHOUE/MAY/2015,"15,625",
RENT/GALA15WAREHOUE/APR/2015,"15,625",
RENT/GALA15WAREHOUE/MAY/2015,"15,625",
RENT/GALA16WAREHOUE/APR/2015,"15,625",
RENT/GALA16WAREHOUE/MAY/2015,"15,625",
RENT/GALA17WAREHOUE/APR/2015,"15,625",
RENT/GALA17WAREHOUE/MAY/2015,"15,625",
RENT/GALA18WAREHOUE/APR/2015,"15,625",
RENT/GALA18WAREHOUE/MAY/2015,"15,625",
RENT/GALA19WAREHOUE/APR/2015,"15,625",
RENT/GALA19WAREHOUE/MAY/2015,"15,625",
RENT/GALA1WAREHOUE/APR/2015,"15,625",
RENT/GALA1WAREHOUE/MAY/2015,"15,625",
RENT/GALA20WAREHOUE/APR/2015,"15,625",
RENT/GALA20WAREHOUE/MAY/2015,"15,625",
RENT/GALA2WAREHOUE/APR/2015,"15,625",
RENT/GALA2WAREHOUE/MAY/2015,"15,625",
RENT/GALA3AND4WAREHOUE/APR/2015,"31,250",
RENT/GALA3AND4WAREHOUE/MAY/2015,"31,250",
RENT/GALA5AND6WAREHOUE/APR/2015,"31,250",
RENT/GALA5AND6WAREHOUE/MAY/2015,"31,250",
RENT/GALA7WAREHOUE/APR/2015,"15,625",
RENT/GALA7WAREHOUE/MAY/2015,"15,625",
RENT/GALA8 11 12WAREHOUE/APR/2015,"46,875",
RENT/GALA8 11 12WAREHOUE/MAY/2015,"46,875",
RENT/GALA9AND10WAREHOUE/APR/2015,"31,250",
RENT/GALA9AND10WAREHOUE/MAY/2015,"31,250",
RENT/GHATKOPARACR/APR/2015,"46,000",
RENT/GHATKOPARACR/MAY/2015,"46,000",
RENT/GHATKOPARWEST/AOR/APR/2015,"1,10,000",
RENT/KALYANARC/APR/2015,"66,720",
RENT/KALYANARC/MAY/2015,"66,720",
RENT/KANDIVALIARC/APR/2015,"50,000",
RENT/KANDIVALIARC/MAY/2015,"50,000",
RENT/LATURARC/APR/2014/TDS/RECT/18,"1,500",
RENT/LATURARC/APR/2015,"15,000",
RENT/LATURARC/DEC/2014/TDS/RECT/20,"1,500",
RENT/LATURARC/FEB/2015/TDS/RECT/21,"1,500",
RENT/LATURARC/JAN/2015/TDS/RECT/22,"1,500",
RENT/LATURARC/JUL/2014/TDS/RECT/23,"1,500",
RENT/LATURARC/JUN/2014/TDS/RECT/24,"1,500",
RENT/LATURARC/MAR/2014/TDS/RECT/25,"1,500",
RENT/LATURARC/MAR/2015/TDS/RECT/26,"1,500",
RENT/LATURARC/MAY/2014/TDS/RECT/27,"1,500",
RENT/LATURARC/MAY/2015,"15,000",
RENT/LATURARC/NOV/2014/TDS/RECT/28,"1,500",
RENT/LATURARC/OCT/2014/TDS/RECT/29,"1,500",
RENT/LATURARC/SEP/2014/TDS/RECT/30,"1,500",
RENT/MADGAONGOAARC/NOV14TOJAN15/TDS/RECT/31,"11,000",
RENT/MARGAOARC/APR/2015,"61,000",
RENT/MARGAOARC/MAR/2015,"44,733",
RENT/MARGAOARC/MAY/2015,"61,000",
RENT/MOHDALIARC/APR/2015,"2,47,940",
RENT/MOHDALIARC/MAY/2015,"2,47,940",
RENT/MULUND/AOR/APR/2015,"1,50,000",
RENT/NASHIK/AOR/APR/2015,"84,000",
RENT/NEWGHATKOPARARC/APR/15,"45,000",
RENT/NEWGHATKOPARARC/APR/2015,"93,000",
RENT/NEWGHATKOPARARC/MAY/15,"45,000",
RENT/NEWGHATKOPARARC/MAY/2015,"93,000",
RENT/NEWKANDIVALIARCSHOP-18/APR/15,"67,500",
RENT/NEWKANDIVALIARCSHOP-18/MAY/15,"67,500",
RENT/NEWKANDIVALIARCSHOP-19/APR/15,"67,500",
RENT/NEWKANDIVALIARCSHOP-19/MAY/15,"67,500",
RENT/NEWPANVELARC/APR/2015,"80,000",
RENT/NEWPANVELARC/MAY/2015,"80,000",
RENT/NEWPUNEARC/APR/2015,"1,15,000",
RENT/NEWPUNEARC/MAY/2015,"57,500",
RENT/NEWPUNEARC/MAY/2015Q,"57,500",
RENT/NEWTHANERAM/ARC/APR/2015,"1,05,000",
RENT/NEWTHANERAM/ARC/FEB15TOMAY15,"1,15,500",
RENT/NEWTHANERAM/ARC/MAY/2015,"1,05,000",
RENT/PAUDROAD/AOR/APR/2015,"95,000",
RENT/PUNEARC/APR/2015,"70,000",
RENT/PUNEARC/MAY/2015,"70,000",
RENT/SEAWOODARC/APR/2015,"42,000",
RENT/SEAWOODARC/MAY/2015,"42,000",
RENT/SHIMPOLI/AOR/APR/2015,"1,26,000",
RENT/TILAKROAD/AOR/APR/2015,"80,000",
RENT/ULHASNAGARARC/APR/2015,"53,760",
RENT/ULHASNAGARARC/MAY/2015,"53,760",
RENT/VASHIARC/APR/15,"57,501",
RENT/VASHIARC/MAY/15,"57,501",
RENT/VILEPARLE/AOR/APR/2015,"2,98,000",
RENT/WAGHOLIWAREHOUSE/APR/2015,"98,389",
RENT/WAGHOLIWAREHOUSE/MAY/2015,"98,389",
RENT-ST-2014-15-R/NOV-14,"37,080",
RJ/20150301/19171/MH/IN/O,"6,036",
RJ/20150301/19215/MUM/IN/O,"2,32,057",
RJ79100698,438,
RJ79100699,"28,359",
RJ79100943,480,
RJ79100944,"38,979",
RJ79101179,467,
RJ79101180,"38,803",
RJ79101417,399,
RJ79101418,"32,020",
RJ79101654,490,
RJ79101655,"20,651",
RJ79101942,612,
RJ79101943,"28,225",
RK14/2015-16,"1,55,599",
ROM1611for01-04-15to30-03-16,"2,16,000",
ROM1655for01-04-15to30-03-16,"1,65,600",
ROM2081for01-04-15to30-03-16,"3,57,210",
ROM2082for01-08-14to31-07-15,"2,27,700",
ROM2148for01-04-15to30-03-16,"1,65,600",
ROM277FOR01-01-14TO31-12-14/1/TDS/RECT/33,"17,500",
ROM277FOR01-01-14TO31-12-14/TDS/RECT/32,"17,500",
ROM277FOR01-01-15TO31-12-15/1/TDS/RECT/35,"17,500",
ROM277FOR01-01-15TO31-12-15/TDS/RECT/34,"17,500",
ROM4136for16-03-15to14-03-16,"4,50,000",
ROM4660for01-05-15to29-04-16,"2,75,000",
ROM4669for26-11-14to25-11-15,"2,16,000",
ROM4674for01-04-15to30-03-16,"2,20,000",
ROM6107for01-04-15to30-03-16,"1,25,000",
ROM6151for01-04-15to30-03-16,"1,25,000",
ROM6215FOR26-05-14TO25-05-15/TDS/RECT/36,"8,160",
ROM6215for26-05-15to24-05-16,"81,600",
ROM6901FOR23-11-14TO22-11-15/TDS/RECT/37,"26,400",
ROM9030FOR01-04-14TO31-03-15/TDS/RECT/38,"6,000",
ROM9030for01-04-15to30-03-16,"69,000",
ROMM&G2535for10-05-15to08-05-16,"3,00,000",
ROMM&G5540for06-06-14to05-06-15,"2,50,000",
ROMM-G2079FOR12-02-14TO11-02-15/TDS/RECT/39,"13,200",
ROMM-G2079FOR12-02-15TO11-02-16/TDS/RECT/40,"13,200",
ROMMG2508for01-04-15to30-03-16,"1,25,000",
ROMMG2601for01-04-15to30-03-16,"1,20,000",
ROMMG2606for18-04-15to16-04-16,"4,00,000",
ROMMG2632for26-04-15to24-04-16,"3,50,000",
ROMMG2650for13-11-14to12-11-15,"84,000",
ROMMG2678FOR10-11-14TO09-11-15/TDS/RECT/41,"18,000",
ROMMG2690for01-04-15to30-03-16,"2,16,000",
ROMMG2711for19-03-15to17-03-16,"1,95,500",
ROMMG2723for01-04-15to30-03-16,"71,300",
ROMMG2731for26-12-14to25-12-15,"85,000",
ROMMG2742FOR01-01-14TO31-12-14/TDS/RECT/42,"18,000",
ROMMG2742FOR01-01-15TO31-12-15/TDS/RECT/43,"18,000",
ROMMG2784for19-03-15to18-03-16,"2,00,000",
ROMMG2811for01-04-15to30-03-16,"3,00,000",
ROMMG2843for02-02-15to01-02-16,"1,80,000",
ROMMG2844for01-05-15to29-04-16,"3,00,000",
ROMMG2848for01-04-15to30-03-16,"3,12,000",
ROMMG2883FOR10-01-14TO09-01-15/1/TDS/RECT/45,"6,750",
ROMMG2883FOR10-01-14TO09-01-15/TDS/RECT/44,"6,750",
ROMMG2894for10-02-14to09-02-15,"2,38,050",
ROMMG2894for10-02-15to09-02-16,"2,38,050",
ROMMG2898for01-04-15to30-03-16,"1,61,000",
ROMMG3002for23-03-15to21-03-16,"1,67,706",
ROMMG3016for01-04-15to31-03-16,"3,60,000",
ROMMG3028FOR01-01-15TO31-12-15/TDS/RECT/46,"15,840",
ROMMG3054FOR20-02-14TO19-02-15/TDS/RECT/47,"18,000",
ROMMG3054FOR20-02-15TO19-02-16/TDS/RECT/48,"18,000",
ROMMG3083for01-05-15to29-04-16,"1,90,440",
ROMMG3086for25-05-15to23-05-16,"3,79,500",
ROMMG3099for01-04-15to31-03-16,"2,20,000",
ROMMG3201for01-03-15to28-02-16,"2,17,800",
ROMMG3203for01-04-15to30-03-16,"1,20,000",
ROMMG3207for09-04-15to07-04-16,"1,45,000",
ROMMG3221for01-04-15to30-03-16,"92,000",
ROMMG3256for13-02-15to12-02-16,"2,58,000",
ROMMG3271for11-02-15to10-02-16,"80,000",
ROMMG3273for16-03-15to14-03-16,"1,30,000",
ROMMG3275for01-04-15to30-03-16,"1,03,500",
ROMMG3276for01-04-15to30-03-16,"1,51,800",
ROMMG3293FOR01-02-14TO31-01-15/TDS/RECT/49,"17,500",
ROMMG3293FOR01-02-15TO31-01-16/TDS/RECT/50,"17,500",
ROMMG3298FOR11-02-14TO10-02-15/TDS/RECT/51,"11,040",
ROMMG3298FOR11-02-15TO10-02-16/TDS/RECT/52,"11,040",
ROMMG3300for15-03-15to13-03-16,"1,77,100",
ROMMG3305for10-04-15to08-04-16,"2,40,000",
ROMMG3313FOR04-03-14TO03-03-15/TDS/RECT/53,"12,200",
ROMMG3313FOR04-03-15TO02-03-16/TDS/RECT/54,"12,200",
ROMMG3325for21-04-15to19-04-16,"1,00,000",
ROMMG3428for29-01-15to28-01-16,"3,00,000",
ROMMG3600for01-04-15to30-03-16,"1,11,090",
ROMMG3602for01-03-15to28-02-16,"3,84,000",
ROMMG3617FOR01-01-15TO31-12-15/TDS/RECT/55,"17,457",
ROMMG3617FOR01-06-14TO31-12-14/TDS/RECT/56,"10,184",
ROMMG3623for01-04-15to30-03-16,"1,20,000",
ROMMG3633FOR10-02-14TO09-02-15/TDS/RECT/57,"12,000",
ROMMG3633FOR10-02-15TO09-02-16/TDS/RECT/58,"12,000",
ROMMG3634for13-02-15to12-02-16,"2,40,000",
ROMMG3638for18-02-15to17-02-16,"1,20,000",
ROMMG3639FOR15-02-14TO14-02-15/TDS/RECT/59,"14,400",
ROMMG3639FOR15-02-15TO14-02-16/TDS/RECT/60,"14,400",
ROMMG3650for05-05-15to03-05-16,"1,65,600",
ROMMG3904for01-04-15to30-03-16,"1,25,000",
ROMMG643for01-04-15to30-03-16,"1,65,600",
ROMMG6450for08-04-15to06-04-16,"4,44,000",
ROMMH1313FOR01-10-13TO30-09-14/TDS/RECT/61,"10,800",
ROMMH1313FOR01-10-14TO30-09-15/TDS/RECT/62,"11,556",
ROMMH2933for14-04-15to12-04-16,"4,44,000",
ROMMH4852for02-04-15to31-03-16,"3,00,000",
ROMMH6062for15-05-15to13-05-16,"2,40,000",
ROMROM1021for14-05-15to12-05-16,"2,76,000",
ROMROM1044for26-02-15to25-08-15,"90,000",
ROMROM1451for19-05-15to17-05-16,"3,24,000",
ROMROM1513for10-05-15to08-05-16,"2,76,000",
ROMROM286for07-04-15to06-08-15,"48,000",
ROMROM294for05-05-15to03-05-16,"3,00,000",
ROMROM325for01-05-15to29-04-16,"1,56,000",
R-SPOI2014-005481,557,
R-SPOI2014-005483,"42,849",
R-SPOI2014-005828,593,
R-SPOI2014-005830,"73,828",
R-SPOI2014-006108,519,
R-SPOI2014-006110,"47,290",
R-SPOI2015-004757,"1,697",
R-SPOI2015-004759,"1,39,804",
R-SPOI2015-004811,"1,243",
R-SPOI2015-004812,"30,070",
R-SPOI2015-004884,"6,035",
R-SPOI2015-004885,"1,19,237",
R-SPOI2015-006523,529,
R-SPOI2015-006525,"67,605",
R-SPOI2015-006813,648,
R-SPOI2015-006815,"57,375",
R-SPOI2015-007094,636,
R-SPOI2015-007096,"1,49,176",
R-SPOI2015-007386,438,
R-SPOI2015-007388,"64,219",
R-SPOI2015-007509,867,
R-SPOI2015-007511,"68,498",
R-SPOI2015-007672,517,
R-SPOI2015-007674,"59,209",
SA/MAY14,"21,321",
SACFA/MUM-01,"50,000",
SACFA/MUM-02,"50,000",
SACFA/MUM-03,"50,000",
SACFA/MUM-04,"50,000",
SACFA/MUM-05,"30,000",
SACFA/MUM-06,"30,000",
SACFA/MUM-07,"30,000",
SACFA/MUM-08,"30,000",
SACFA/MUM-09,"20,000",
SACFA/MUM-10,"20,000",
SACFA/MUM-11,"20,000",
SACFA/MUM-12,"20,000",
SACFA/MUM-13,"20,000",
SACFA/MUM-14,"20,000",
SACFA/PUNE/003,"20,000",
SACFA/PUNE/004,"20,000",
SACFA/PUNE/01,"50,000",
SACFA/PUNE/02,"50,000",
SACFA/PUNE/03,"50,000",
SACFA/PUNE-05,"50,000",
SD/2015/0109,"14,563",
SD/2015/0110,"58,030",
SEP-13-INTERIM-MAY-13-3RD-BILL-COMM-MNAD004,"4,700",
SEP-14-INTERIM-COMMISSION-SER-TAX-MAUB003,"6,121",
SERVICE/GHATKOPARACR/APR/2015,"46,000",
SERVICE/GHATKOPARACR/MAY/2015,"46,000",
SERVICE/VASHIARC/APR/15,"57,501",
SERVICE/VASHIARC/MAY/15,"57,501",
SERVICE/WAGHOLIWAREHOUSE/APR/2015,"21,876",
SERVICE/WAGHOLIWAREHOUSE/MAY/2015,"21,876",
SERVICECHARGES/ULHASNAGARARC/APR/2015,"35,840",
SERVICECHARGES/ULHASNAGARARC/MAY/2015,"35,840",
SH-01/2015-16,"69,215",
SK-01/2015-16,"69,215",
SMS/AIR/AP/BAL/MH/1502/001,"1,245",
SMS/AIR/AP/BAL/MU/1502/001,"79,511",
SMS/AIR/AS/BAL/MH/1502/002,896,
SMS/AIR/AS/BAL/MU/1502/002,"32,723",
SMS/AIR/BH/BAL/MH/1502/003,496,
SMS/AIR/BH/BAL/MU/1502/003,"34,825",
SMS/AIR/CH/BAL/MH/1502/004,535,
SMS/AIR/CH/BAL/MU/1502/004,"2,72,555",
SMS/AIR/DL/BAL/MH/1502/005,"1,651",
SMS/AIR/DL/BAL/MU/1502/005,"1,51,978",
SMS/AIR/GJ/BAL/MH/1502/006,569,
SMS/AIR/GJ/BAL/MU/1502/006,"20,207",
SMS/AIR/HP/BAL/MH/1502/007,143,
SMS/AIR/HP/BAL/MU/1502/008,"4,691",
SMS/AIR/HR/BAL/MU/1502/007,2,
SMS/AIR/JK/BAL/MH/1502/008,647,
SMS/AIR/JK/BAL/MU/1502/009,"9,116",
SMS/AIR/KA/BAL/MH/1502/009,"1,023",
SMS/AIR/KA/BAL/MU/1502/010,"99,286",
SMS/AIR/KL/BAL/MU/1502/011,129,
SMS/AIR/KO/BAL/MH/1502/010,662,
SMS/AIR/KO/BAL/MU/1502/012,"79,044",
SMS/AIR/MH/BAL/MH/1502/011,"78,912",
SMS/AIR/MH/BAL/MU/1502/014,"48,872",
SMS/AIR/MP/BAL/MU/1502/013,2,
SMS/AIR/MU/BAL/MH/1502/012,"18,392",
SMS/AIR/MU/BAL/MU/1502/015,"1,82,392",
SMS/AIR/NE/BAL/MH/1502/013,864,
SMS/AIR/NE/BAL/MU/1502/016,"17,427",
SMS/AIR/OR/BAL/MH/1502/014,512,
SMS/AIR/OR/BAL/MU/1502/017,"24,899",
SMS/AIR/PB/BAL/MH/1502/015,6,
SMS/AIR/PB/BAL/MU/1502/018,"8,605",
SMS/AIR/RJ/BAL/MH/1502/016,"5,785",
SMS/AIR/RJ/BAL/MU/1502/019,"88,695",
SMS/AIR/TN/BAL/MH/1502/017,"1,274",
SMS/AIR/TN/BAL/MU/1502/020,"3,75,448",
SMS/AIR/UE/BAL/MH/1502/018,4,
SMS/AIR/UE/BAL/MU/1502/021,"3,579",
SMS/AIR/UW/BAL/MH/1502/019,136,
SMS/AIR/UW/BAL/MU/1502/022,"25,256",
SMS/AIR/WB/BAL/MH/1502/020,579,
SMS/AIR/WB/BAL/MU/1502/023,"32,753",
SMS/AP/MH/Feb15/8,"1,128",
SMS/AP/Mumbai/Feb15/9,"1,13,225",
SMS/BJ/MH/Feb15/34,"1,303",
SMS/BJ/Mumbai/Feb15/35,"5,824",
SMS/GJ/MH/Feb15/50,"12,157",
SMS/GJ/Mumbai/Feb15/51,"1,38,812",
SMS/MH/MH/Feb15/65,"3,32,488",
SMS/MH/Mumbai/Feb15/66,"1,91,846",
SMS/UK/MH/Feb15/97,"1,249",
SMS/UK/Mumbai/Feb15/98,"5,739",
SMS/UP/MH/Feb15/81,"2,830",
SMS/UP/Mumbai/Feb15/82,"7,781",
SP0607991/TDS,"4,459",
SPDPL/APR/R-2/2014-15,"2,61,904",
SPPL/POWER/DN/2015-16/B#11/6-SC,"13,100",
SS/068,"71,713",
SSFS/04/2015/1,"1,04,057",
SSFS/04/2015/2,"1,69,091",
TA/15-16/BHARTI/001,"1,12,360",
TEPL/1334/2014-2015/WCT/RCT/ST,114,
TLE/BAL/ST/2014-15,"64,890",
TN/20150301/19172/MH/IN/O,"1,816",
TN/20150301/19216/MUM/IN/O,"1,46,758",
TN79300654,59,
TN79300655,"14,425",
TN79300885,92,
TN79300886,"20,233",
TN79301118,102,
TN79301119,"16,642",
TN79301327,71,
TN79301328,"15,542",
TN79301524,66,
TN79301525,"15,865",
TN79301761,97,
TN79301762,"20,037",
TTML/IUC/MAH/14-15/564927302,"95,67,836",
TTML/IUC/MAH/14-15/564927302-,"21,707",
TTML/IUC/MAH/14-15/564927302/P,"11,92,032",
TTML/IUC/MUM/14-15/5600112800,"84,30,174",
TTML/IUC/MUM/14-15/5600112802,"4,68,554",
TTML/SMS/AIR/MAH/MAH/'FEB15/46026,"3,15,108",
TTML/SMS/AIR/MAH/MUM/'FEB15/46027,"2,27,236",
TTML/SMS/AIR/MUM/MAH/'FEB15/46292,"1,17,052",
TTML/SMS/AIR/MUM/MUM/'FEB15/46293,"2,53,932",
TTSL/SMS/AIR/ANP/MAH/'FEB15/44800,"47,499",
TTSL/SMS/AIR/ANP/MUM/'FEB15/44801,"2,19,214",
TTSL/SMS/AIR/BIH/MAH/'FEB15/44933,"6,098",
TTSL/SMS/AIR/BIH/MUM/'FEB15/44934,"26,511",
TTSL/SMS/AIR/CHE/MAH/'FEB15/45066,0,
TTSL/SMS/AIR/CHE/MUM/'FEB15/45067,2,
TTSL/SMS/AIR/DEL/MAH/'FEB15/45110,"15,891",
TTSL/SMS/AIR/DEL/MUM/'FEB15/45111,"1,14,321",
TTSL/SMS/AIR/GUJ/MAH/'FEB15/45242,"42,630",
TTSL/SMS/AIR/GUJ/MUM/'FEB15/45243,"70,398",
TTSL/SMS/AIR/HAR/MAH/'FEB15/45374,"12,667",
TTSL/SMS/AIR/HAR/MUM/'FEB15/45375,"68,699",
TTSL/SMS/AIR/HIP/MAH/'FEB15/45507,30,
TTSL/SMS/AIR/HIP/MUM/'FEB15/45509,710,
TTSL/SMS/AIR/KAR/MAH/'FEB15/45633,"80,012",
TTSL/SMS/AIR/KAR/MUM/'FEB15/45634,"3,19,358",
TTSL/SMS/AIR/KER/MAH/'FEB15/45764,"12,207",
TTSL/SMS/AIR/KER/MUM/'FEB15/45765,"25,637",
TTSL/SMS/AIR/KOL/MAH/'FEB15/45896,"19,522",
TTSL/SMS/AIR/KOL/MUM/'FEB15/45897,"63,295",
TTSL/SMS/AIR/MAP/MAH/'FEB15/46160,"86,209",
TTSL/SMS/AIR/MAP/MUM/'FEB15/46161,"98,345",
TTSL/SMS/AIR/ORI/MAH/'FEB15/46422,"7,274",
TTSL/SMS/AIR/ORI/MUM/'FEB15/46424,"26,494",
TTSL/SMS/AIR/PUN/MAH/'FEB15/46554,"9,310",
TTSL/SMS/AIR/PUN/MUM/'FEB15/46555,"54,863",
TTSL/SMS/AIR/RAJ/MAH/'FEB15/46689,"15,821",
TTSL/SMS/AIR/RAJ/MUM/'FEB15/46690,"35,663",
TTSL/SMS/AIR/TAN/MAH/'FEB15/46823,"34,647",
TTSL/SMS/AIR/TAN/MUM/'FEB15/46824,"1,65,518",
TTSL/SMS/AIR/UPE/MAH/'FEB15/46952,"12,934",
TTSL/SMS/AIR/UPE/MUM/'FEB15/46953,"51,081",
TTSL/SMS/AIR/UPW/MAH/'FEB15/47086,"10,964",
TTSL/SMS/AIR/UPW/MUM/'FEB15/47087,"56,179",
TTSL/SMS/AIR/WEB/MAH/'FEB15/47220,"1,054",
TTSL/SMS/AIR/WEB/MUM/'FEB15/47221,"5,662",
UPE/20150301/19173/MH/IN/O,"6,117",
UPE/20150301/19217/MUM/IN/O,"1,70,757",
UPW/20150301/19174/MH/IN/O,"3,526",
UPW/20150301/19218/MUM/IN/O,"3,58,330",
UW79700607,30,
UW79700608,"1,024",
UW79700823,31,
UW79700824,"1,692",
UW79701030,23,
UW79701031,"1,392",
UW79701211,36,
UW79701212,"1,219",
UW79701377,13,
UW79701378,967,
UW79701590,16,
UW79701591,"2,854",
V/04/15,"31,38,215",
VH-01/2015-16,"77,770",
WB/20150301/19175/MH/IN/O,673,
WB/20150301/19219/MUM/IN/O,"29,395",
WB79900656,87,
WB79900657,"7,154",
WB79900887,109,
WB79900888,"11,142",
WB79901115,106,
WB79901116,"7,744",
WB79901338,139,
WB79901339,"5,918",
WB79901559,102,
WB79901560,"7,022",
WB79901831,132,
WB79901832,"10,278",
WRITEOFF/006,"20,000",
WRITEOFF/026,566,
WRITEOFF/051,265,
WRITEOFF/052,"1,072",
WRITEOFF/055,"8,150",
WRITEOFF/060,"4,412",
WRITEOFF/098,500,
WRITEOFF/099,"4,359",
WRITEOFF/100,"3,198",
WRITEOFF/101,"5,500",
WRITEOFF/120,"7,875",
WRITEOFF/127,"2,80,900",
WRITEOFF/135,237,
WRITEOFF/137,281,
Total Result,"83,27,25,291",
